id,domain,surface,action,operations,payload,target,transport,n8n_dependency,rule_status,adapter_status,read_after_write,evidence,next
"C01","공통","index PC/모바일 전환","화면 자동·수동 선택","","view/cookie","브라우저 view preference","localStorage/cookie","NO","CONFIRMED","LOCAL_ONLY_CONFIRMED","N/A","index.html:autoView/decide/mount","브라우저 선호값으로 유지하고 Staging 화면 회귀"
"C02L","공통","PC·모바일 로그인","이름·비밀번호 로그인","","name/password; Auth session","Supabase Auth + users/profile","Staging browser Auth/profile PASS; candidate not deployed","NO","NEEDS_VERIFICATION","BROWSER_STAGING_PASS_NOT_DEPLOYED","YES_PROFILE","crm.html:authSignIn; mobile.html:doSignIn; docs/operational-cutover-20260906/operational-ui-browser-read.json","배포 후보에서 회귀 유지"
"C02S","공통","PC·모바일 세션","세션 복원·로그아웃","","Auth session","Supabase Auth + local session state","real Staging Auth against local operational UI candidate; not deployed","NO","NEEDS_VERIFICATION","BROWSER_STAGING_PASS_NOT_DEPLOYED","N/A","crm.html:authInit/authSignOut; mobile.html:authRestore/doSignOut; docs/operational-cutover-20260906/operational-ui-browser-session.json","배포 후보에서 reload 복원·UI logout·만료 refresh fail-closed 회귀 유지"
"C03","공통","PC·모바일 전체 화면","업무 데이터 조회·자동동기화·진단","","resource filters","deals/inquiries/contacts/history/reporting","strict cursor pagination + real Staging browser/JWT PASS for six roles","NO","CONFIRMED","STAGING_JWT_E2E_PASS_20260906","ACTOR_SCOPE_COMPLETE","crm.html:loadData; mobile.html:loadLive; docs/operational-cutover-20260906/operational-full-ui-browser-read.json; docs/operational-cutover-20260906/go-read-audit-20260907.json","회귀만 수행; 회사 전체를 암묵적으로 확대하지 않고 서버가 허용한 actor scope만 표시"
"C04","공통","저장 실패 배지","동일 write_id 재시도","all queued ops","write_id + op + payload","shared receipt/ACK target","local cumulative UI candidate after O02; uncertain only; conflict/rejected remain blocked; not applied","NO","DERIVED_SAFE","STAGING_JWT_E2E_PASS_20260906","LOCAL_UI_QUEUE_PASS","crm.html:pushWrite/flushWrites; mobile.html:retryFailed; staging-phase1/transport.js; sql/queue-retry-compat/20260906; docs/operational-cutover-20260906/staging-fixture-runs/stg-e2e-20260906t125239z-fc70f2d2/mutation-proof.json","Staging 회귀만 수행; Production cutover 전 UI 배포 리허설 유지"
"I01","견적문의","PC Control Center","본사 개인 최초·재배정","inquiry_assign/direct_assign","inquiry_id,from,to,status,reason,at","inquiries + assignment_history + private receipt/audit","strict Staging Supabase; current UI n8n","YES","CONFIRMED","STAGING_COMPAT_PASS_FROZEN","YES_ASSIGNEE_STATUS","crm.html:7813","회귀만 수행"
"I02","견적문의","모바일 관리 문의","본사 개인 최초·재배정","inquiry_assign/direct_assign","inquiry_id,from,to,status,reason,at","same as I01","strict Staging Supabase; current UI n8n","YES","CONFIRMED","STAGING_COMPAT_PASS_FROZEN","YES_ASSIGNEE_STATUS","mobile.html:1946-1954","회귀만 수행"
"I03P","견적문의","모바일 오늘·문의 상세","통화 완료·다음 일정 협의","inquiry_assign/response_progress","inquiry_id,from=to,status=전화응대 완료,at,response=진행됨 — 다음 잡음","inquiries first/last response timestamps + private append-only response audit + scoped history","23-op cumulative candidate; existing external op/ACK retained; not applied","NO","DERIVED_SAFE","STAGING_JWT_E2E_PASS_20260906","LOCAL_CHAIN_DB_UI_PASS","mobile.html:1411,1943; sql/business-v2/functions.sql:117-121; sql/inquiry-response-progress/20260906; docs/operational-cutover-20260906/staging-fixture-runs/stg-e2e-20260906t125239z-fc70f2d2/mutation-proof.json","Staging 회귀만 수행; Production cutover 전 UI 배포 리허설 유지"
"I03N","견적문의","모바일 오늘·문의 상세","다음주 재연락","inquiry_assign/response_next_week_retry","inquiry_id,from=to,status=응대중,at,response=다음주 다시","inquiries response timestamps + status + next_action_date + private audit/history","23-op cumulative candidate; existing external op/ACK retained; not applied","NO","DERIVED_SAFE","STAGING_JWT_E2E_PASS_20260906","LOCAL_CHAIN_DB_UI_PASS","mobile.html:421-425,1411-1416,1942-1943; sql/inquiry-response-progress/20260906; docs/operational-cutover-20260906/staging-fixture-runs/stg-e2e-20260906t125239z-fc70f2d2/mutation-proof.json","Staging 회귀만 수행; Production cutover 전 UI 배포 리허설 유지"
"I03M","견적문의","모바일 오늘·문의 상세","부재·내일 재시도","inquiry_assign/response_missed_retry","inquiry_id,from=to,status=배정완료,at,response=못 받으심 (내일 재시도)","inquiries preserved response timestamps + status + next_action_date + private audit/history","23-op cumulative candidate; existing external op/ACK retained; not applied","NO","DERIVED_SAFE","STAGING_JWT_E2E_PASS_20260906","LOCAL_CHAIN_DB_UI_PASS","mobile.html:421-425,1411-1416,1942-1943; business-v2 missed first_response KPI; sql/inquiry-response-progress/20260906; docs/operational-cutover-20260906/staging-fixture-runs/stg-e2e-20260906t125239z-fc70f2d2/mutation-proof.json","Staging 회귀만 수행; Production cutover 전 UI 배포 리허설 유지"
"I04","견적문의","PC 문의 상세·응대 폼","비종료 응대·상태·활동·다음행동","inquiry_status/progress","inquiry_id,from_status,target=step:0..5,did,result,next,due; client actor/at stripped","inquiries status/response timestamps/next_action_date + replacement next_actions + stage_history + private audit/receipt","23-op cumulative candidate; existing external op/ACK retained; not applied","NO","DERIVED_SAFE","STAGING_JWT_E2E_PASS_20260906","LOCAL_CHAIN_DB_UI_PASS","crm.html:6916-6959; sql/inquiry-stage-progress/20260906; docs/operational-cutover-20260906/staging-fixture-runs/stg-e2e-20260906t125239z-fc70f2d2/mutation-proof.json","Staging 회귀만 수행; Production cutover 전 UI 배포 리허설 유지"
"I05","견적문의","PC Control Center","담당 회수","inquiry_unassign","inquiry_id,from,reason,actor,at","inquiries assignment/status + history/private receipt/audit","strict Staging Supabase; current UI n8n","YES","CONFIRMED","STAGING_COMPAT_PASS_FROZEN","YES_ASSIGNMENT_STATUS_HISTORY","crm.html:7816; sql/operational-bundle/20260906; docs/operational-cutover-20260906/operational-bundle-final.json","UI Adapter 연결 후 회귀만 수행"
"I06","견적문의","PC Control Center","보류","inquiry_status","inquiry_id,from_status,to_status,reason,actor,at","inquiries.status + private inquiry audit/receipt + scoped hold projection","17-op chained Dispatcher/read/UI candidate after inquiry reclassify; not applied","NO","DERIVED_SAFE","STAGING_JWT_E2E_PASS_20260906","LOCAL_CHAIN_DB_UI_PASS","crm.html:7816; sql/inquiry-hold/20260906; docs/operational-cutover-20260906/inquiry-management-contracts.md; docs/operational-cutover-20260906/staging-fixture-runs/stg-e2e-20260906t125239z-fc70f2d2/mutation-proof.json","Staging 회귀만 수행; Production cutover 전 UI 배포 리허설 유지"
"I07","견적문의","PC 문의 split/bulk","Next·완료·체크","next_action/inquiry_next_set; next_action_complete/inquiry_next_complete; stage_check/inquiry_check","inquiry_id,text,due_at; server action_id; fixed item_index,checked","inquiry next_actions + private checklist/audit/receipt","23-op cumulative candidate; existing external ops/Deal meanings retained; not applied","NO","DERIVED_SAFE","STAGING_JWT_E2E_PASS_20260906","LOCAL_CHAIN_DB_UI_PASS","crm.html:6360,6494,6874,6892; sql/inquiry-action-check/20260906; docs/operational-cutover-20260906/staging-fixture-runs/stg-e2e-20260906t125239z-fc70f2d2/mutation-proof.json","Staging 회귀만 수행; Production cutover 전 UI 배포 리허설 유지"
"I08","견적문의","모바일 오늘","문의 후속일 연기","inquiry_followup","due_at + fixed reason; client display state stripped","inquiries.next_action_date + private inquiry audit/receipt","21-op chained Dispatcher/mobile Today read-consumer candidate after purge; not applied","NO","DERIVED_SAFE","STAGING_JWT_E2E_PASS_20260906","LOCAL_CHAIN_DB_UI_PASS","mobile.html:2381; sql/inquiry-followup/20260906; docs/operational-cutover-20260906/inquiry-management-contracts.md; docs/operational-cutover-20260906/staging-fixture-runs/stg-e2e-20260906t125239z-fc70f2d2/mutation-proof.json","Staging 회귀만 수행; Production cutover 전 UI 배포 리허설 유지"
"I09","견적문의","PC 문의 상세·Pipeline 전환","기존 Deal 연결 또는 신규 Deal 생성","transition; opportunity_create","internal intent,inquiry_id,promotion_mode,inquiry_status,server-reviewed owner,stage/reason,optional amount/site/client_ref","deals.origin_inquiry_id + deals/stage_history/activity + Deal/inquiry private audit + receipt","23-op cumulative candidate; existing external ops/ACK retained; Staging read-only preflight PASS; not applied","NO","DERIVED_SAFE","STAGING_JWT_E2E_PASS_20260906","STAGING_READONLY_PREFLIGHT_PASS_LOCAL_CHAIN_DB_UI_PASS","crm.html:6549-6592,6743-6783; sql/inquiry-pipeline-lineage/20260906; docs/operational-cutover-20260906/pipeline-lifecycle-contracts.md; docs/operational-cutover-20260906/staging-fixture-runs/stg-e2e-20260906t125239z-fc70f2d2/mutation-proof.json","Staging 회귀만 수행; Production cutover 전 UI 배포 리허설 유지"
"I10","견적문의","PC 연결 확인","문의와 Deal 계보 연결","lineage_link","inquiry_id normalized from origin_inquiry_id; client actor/time/site display discarded","deals.origin_inquiry_id + Deal/inquiry private audit + receipt","23-op cumulative candidate; existing external op/ACK retained; Staging read-only preflight PASS; not applied","NO","DERIVED_SAFE","STAGING_JWT_E2E_PASS_20260906","STAGING_READONLY_PREFLIGHT_PASS_LOCAL_CHAIN_DB_UI_PASS","crm.html:6266-6272; sql/inquiry-pipeline-lineage/20260906; docs/operational-cutover-20260906/pipeline-lifecycle-contracts.md; docs/operational-cutover-20260906/staging-fixture-runs/stg-e2e-20260906t125239z-fc70f2d2/mutation-proof.json","Staging 회귀만 수행; Production cutover 전 UI 배포 리허설 유지"
"I11","견적문의","PC 휴지통","휴지통 이동","inquiry_trash","reason/note; client actor/time/purge/protection stripped","private inquiry audit current trash state + snapshot/receipt + scoped projection","19-op chained Dispatcher/read/UI candidate after hold; not applied","NO","DERIVED_SAFE","STAGING_JWT_E2E_PASS_20260906","LOCAL_CHAIN_DB_UI_PASS","crm.html:7818; sql/inquiry-trash-restore/20260906; docs/operational-cutover-20260906/inquiry-management-contracts.md; docs/operational-cutover-20260906/staging-fixture-runs/stg-e2e-20260906t125239z-fc70f2d2/mutation-proof.json","Staging 회귀만 수행; Production cutover 전 UI 배포 리허설 유지"
"I12","견적문의","PC 휴지통","복원","inquiry_restore","intent=restore; client actor/time stripped","private inquiry audit current restore state + receipt + scoped projection","same 19-op chained candidate; not applied","NO","DERIVED_SAFE","STAGING_JWT_E2E_PASS_20260906","LOCAL_CHAIN_DB_UI_PASS","crm.html:7819; sql/inquiry-trash-restore/20260906; docs/operational-cutover-20260906/inquiry-management-contracts.md; docs/operational-cutover-20260906/staging-fixture-runs/stg-e2e-20260906t125239z-fc70f2d2/mutation-proof.json","Staging 회귀만 수행; Production cutover 전 UI 배포 리허설 유지"
"I13","견적문의","PC 휴지통","관리자 수동 완전삭제","inquiry_purge","intent=purge; client actor/time stripped","inquiry + scope delete, FK cascade, private immutable audit/receipt","20-op chained Dispatcher/UI candidate after trash/restore; not applied","NO","DERIVED_SAFE","STAGING_JWT_E2E_PASS_20260906","LOCAL_CHAIN_DB_UI_PASS_IRREVERSIBLE","crm.html:7820; sql/inquiry-purge/20260906; docs/operational-cutover-20260906/inquiry-management-contracts.md; docs/operational-cutover-20260906/staging-fixture-runs/stg-e2e-20260906t125239z-fc70f2d2/mutation-proof.json","Staging 회귀만 수행; Production cutover 전 UI 배포 리허설 유지"
"I14","견적문의","PC 기술자문 검토","일반 견적문의로 재분류","inquiry_reclassify","to brand; client from/review actor/time stripped","inquiries.brand + private inquiry audit/receipt + scoped review projection","16-op chained Dispatcher/read/UI candidate after waiting context; not applied","NO","DERIVED_SAFE","STAGING_JWT_E2E_PASS_20260906","LOCAL_CHAIN_DB_UI_PASS","crm.html:7787; sql/inquiry-reclassify/20260906; docs/operational-cutover-20260906/inquiry-management-contracts.md; docs/operational-cutover-20260906/staging-fixture-runs/stg-e2e-20260906t125239z-fc70f2d2/mutation-proof.json","Staging 회귀만 수행; Production cutover 전 UI 배포 리허설 유지"
"I15","견적문의","PC 기술자문 검토","기술자문 영업기회로 이관","opportunity_create/technical_inquiry_transfer; inquiry_status child absorbed","inquiry id; server current technical classification/site/work/approved optional owner/status","one technical public.deals row + lineage + inquiry converted state + histories/private audits/receipt","23-op cumulative candidate last layer; admin-only atomic helper/overlay; not applied","NO","DERIVED_SAFE","STAGING_JWT_E2E_PASS_20260906","LOCAL_DB_ADAPTER_UI_PASS","crm.html:7788; sql/technical-inquiry-transfer/20260906; docs/operational-cutover-20260906/technical-inquiry-transfer-resolution.md; docs/operational-cutover-20260906/staging-fixture-runs/stg-e2e-20260906t125239z-fc70f2d2/mutation-proof.json","Staging 회귀만 수행; Production cutover 전 UI 배포 리허설 유지"
"I16","견적문의","PC 상담담당","상담담당 지정·해제","inquiry_consultant","consultant,status,consulted_at,actor","inquiries consultation + history","current UI n8n; Staging eligibility source absent","YES","CONFIRMED","STAGING_JWT_E2E_PASS_20260906","STAGING_JWT_READBACK_PASS","crm.html:7824; docs/operational-cutover-20260906/inquiry-management-contracts.md; docs/operational-cutover-20260906/staging-inquiry-consultant-preflight-20260906.json; docs/operational-cutover-20260906/staging-go-eight-jwt-results.json; docs/operational-cutover-20260906/staging-fixture-runs/stg-e2e-20260906t225700z-90c0ffee/cleanup-verification-current.json","Staging 회귀만 수행; Production cutover 전 UI 배포 리허설 유지"
"I17","경남지사","PC 본사 문의","경남 미지정 Pool 인계","inquiry_assign/branch_handoff","branch/group/reporting + reason","inquiry routing/pool/history TBD","current UI n8n; strict Staging blocked","YES","CONFIRMED","STAGING_JWT_E2E_PASS_20260906","STAGING_JWT_READBACK_PASS","crm.html:7809-7813; docs/operational-cutover-20260906/staging-go-eight-jwt-results.json; docs/operational-cutover-20260906/staging-fixture-runs/stg-e2e-20260906t225700z-90c0ffee/cleanup-verification-current.json","Staging 회귀만 수행; Production cutover 전 UI 배포 리허설 유지"
"I18","경남지사","PC 경남 관리","지사 실담당 지정·미지정 복귀","inquiry_assign/branch_owner_assign","target/group/branch/reporting","inquiries assigned_to + branch history","current UI n8n; strict Staging blocked","YES","CONFIRMED","STAGING_JWT_E2E_PASS_20260906","STAGING_JWT_READBACK_PASS","crm.html:5563,7813; docs/operational-cutover-20260906/staging-go-eight-jwt-results.json; docs/operational-cutover-20260906/staging-fixture-runs/stg-e2e-20260906t225700z-90c0ffee/cleanup-verification-current.json","Staging 회귀만 수행; Production cutover 전 UI 배포 리허설 유지"
"I19","견적문의","PC·모바일 문의 목록/상세","문의 표시·검색·배정이력 새로고침","","inquiry/site/contact/work/assignment/timestamps","crm_read_scoped_v2 inquiry projection","strict Staging scoped read; current UI read not yet switched","NO","CONFIRMED","STAGING_COMPAT_PASS_FROZEN","YES_SCOPE_FIELDS_HISTORY","crm.html:inqCtl*; mobile.html:inquiryViewM; sql/operational-bundle/20260906; docs/operational-cutover-20260906/operational-bundle-final.json","UI read 연결 후 회귀만 수행"
"P01","Pipeline","PC +영업·모바일 신규영업","신규 영업기회 생성","opportunity_create","direct surface,site/work/brand,reviewed owner UUID,amount,contact,reason,client_ref + mobile initial Activity/Next","sites/deals/contacts/assignment + surface-specific Activity/Next + scope/audit/receipt","23-op cumulative candidate; read-only Staging aggregate evidence; not applied","NO","DERIVED_SAFE","STAGING_JWT_E2E_PASS_20260906","LOCAL_CHAIN_DB_UI_PASS","crm.html:7171-7207; mobile.html:2106-2125; docs/operational-cutover-20260906/opportunity-create-resolution-20260906.json; sql/pipeline-opportunity-create/20260906; docs/operational-cutover-20260906/staging-fixture-runs/stg-e2e-20260906t125239z-fc70f2d2/mutation-proof.json","Staging 회귀만 수행; Production cutover 전 UI 배포 리허설 유지"
"P02","Pipeline","PC·모바일 Deal 상세","담당자 변경·인수인계","assign; handover","from,to,reason,summary","deals owner + assignment/history + server-generated handover audit","current UI n8n; actual Staging has no UUID team authority","YES","CONFIRMED","STAGING_JWT_E2E_PASS_20260906","STAGING_JWT_READBACK_PASS","crm.html:5264,7562; mobile.html:1529,2055,2401; people-eligibility.js; docs/operational-cutover-20260906/pipeline-owner-handover-resolution-20260906.md; docs/operational-cutover-20260906/staging-go-eight-jwt-results.json; docs/operational-cutover-20260906/staging-fixture-runs/stg-e2e-20260906t225700z-90c0ffee/cleanup-verification-current.json","Staging 회귀만 수행; Production cutover 전 UI 배포 리허설 유지"
"P03","Pipeline","PC·모바일 구조화 단계전환","Stage 진행","transition","from,to,transition_date,fields,skip_reason,memo,note","Deal stage/context + stage_history + Activity + optional replacement Next + private event/audit/receipt","12-op chained Dispatcher/read/UI candidate after stage-check; not applied","NO","DERIVED_SAFE","STAGING_JWT_E2E_PASS_20260906","LOCAL_CHAIN_DB_UI_PASS","stage-transition-ui.js:39-79; sql/20260905_structured_stage_transition.sql; sql/pipeline-transition/20260906; docs/operational-cutover-20260906/staging-fixture-runs/stg-e2e-20260906t125239z-fc70f2d2/mutation-proof.json","Staging 회귀만 수행; Production cutover 전 UI 배포 리허설 유지"
"P04","Pipeline","PC 구조화 종료·모바일 종료 폼","실주·배드핏·연락두절","close","from,outcome,closed_date,category,detail,reason_source,note","Deal outcome/lifecycle/context + completed open Next + stage history + Activity + private event/audit/receipt","13-op chained Dispatcher/read/UI candidate after transition; not applied","NO","DERIVED_SAFE","STAGING_JWT_E2E_PASS_20260906","LOCAL_CHAIN_DB_UI_PASS","stage-transition-ui.js:50-74; mobile.html:1631-1654; sql/pipeline-close-nonwon/20260906; docs/operational-cutover-20260906/staging-fixture-runs/stg-e2e-20260906t125239z-fc70f2d2/mutation-proof.json","Staging 회귀만 수행; Production cutover 전 UI 배포 리허설 유지"
"P04W","Pipeline","PC·모바일 Closed Won","수주 종료","close; expansion_pool_upsert","completion evidence,won amount,completion date; child pool payload ignored","Deal closure + separate won monetary truth + private expansion Pool/event + history/activity/audit/receipt","local candidate after cumulative 25-op package; activity/pool child absorbed; not applied","NO","DERIVED_SAFE","STAGING_JWT_E2E_PASS_20260906","LOCAL_CHAIN_DB_UI_PASS","stage-transition-ui.js:63-77; mobile.html:1664-1674; sql/pipeline-close-won/20260906; docs/operational-cutover-20260906/pipeline-lifecycle-contracts.md; docs/operational-cutover-20260906/staging-fixture-runs/stg-e2e-20260906t125239z-fc70f2d2/mutation-proof.json","Staging 회귀만 수행; Production cutover 전 UI 배포 리허설 유지"
"P05E","Pipeline","PC Deal 상세·문제함","예상금액 저장·초기화","amount","amount; quote_amount is latest-quote snapshot; won_amount must be null","deals.amount + Deal version + private receipt/audit","14-op chained Dispatcher/read/UI candidate after non-won close; not applied","NO","DERIVED_SAFE","STAGING_JWT_E2E_PASS_20260906","LOCAL_CHAIN_DB_UI_PASS","crm.html:4661-4671; issue-modal.js:59-65; sql/pipeline-amount-expected/20260906; docs/operational-cutover-20260906/staging-fixture-runs/stg-e2e-20260906t125239z-fc70f2d2/mutation-proof.json","Staging 회귀만 수행; Production cutover 전 UI 배포 리허설 유지"
"P05Q","Pipeline","PC Deal 상세","사유 없는 견적금액 직접 편집","amount","quote_amount without adjustment reason","append-only quote_versions is authoritative","31-op cutover boundary; supported quote_version path remains","NO","CONFIRMED","OUT_OF_SCOPE_31_OP_BOUNDARY","NO","crm.html:4651,4661-4671; sql/pipeline-quote-version/20260906","운영에서는 사유가 남는 견적 Version 저장 경로 사용; 직접 편집은 이번 전환 범위 밖"
"P05W","Pipeline","PC Deal 상세","수주 전 수주금액 직접 편집","amount","won_amount without closure evidence","Closed Won monetary truth","31-op cutover boundary; supported close/won path remains","NO","CONFIRMED","OUT_OF_SCOPE_31_OP_BOUNDARY","NO","crm.html:4651,4661-4671; stage-transition-ui.js:63-77","운영에서는 준공·수주 종료 경로 사용; 수주 전 직접 편집은 이번 전환 범위 밖"
"P06","Pipeline","PC·모바일 공종 편집","대표·복합 공종 저장","opportunity_work_set","primary/items/scope/summary/reason/version","deals work fields + activity/audit","strict Staging Supabase; current UI n8n","YES","CONFIRMED","STAGING_COMPAT_PASS_FROZEN","YES","crm.html:7148; mobile.html:1555","회귀만 수행"
"P07","Pipeline","PC·모바일 사업유형 편집","사업유형 변경","service_change","from/to service,origin,reason,next,at","deals business/history/activity/optional next + private receipt/audit","strict Staging Supabase; current UI n8n","YES","CONFIRMED","STAGING_COMPAT_PASS_FROZEN","YES_VERSION_HISTORY_ACTIVITY","crm.html:7120; mobile.html:1775; sql/operational-bundle/20260906; docs/operational-cutover-20260906/operational-bundle-final.json","UI Adapter correlation 후 회귀만 수행"
"P08","Pipeline","PC 상세·split·Today / 모바일 통화메모·연락시도","독립 활동 기록","activity","intent=standalone,type,note,result,occurred_at,meaningful_contact","activities + Deal activity/contact timestamps + private receipt/audit","8-op chained Dispatcher/UI candidate after T03; not applied","NO","DERIVED_SAFE","STAGING_JWT_E2E_PASS_20260906","LOCAL_CHAIN_DB_UI_PASS","crm.html:3528,4676,5230,6009; mobile.html:1403,1490-1508; sql/pipeline-action-bundle/20260906; docs/operational-cutover-20260906/staging-fixture-runs/stg-e2e-20260906t125239z-fc70f2d2/mutation-proof.json","Staging 회귀만 수행; Production cutover 전 UI 배포 리허설 유지"
"P08C","Pipeline","PC split 응대","의미있는 접촉 체크를 Activity에 통합","activity; contact","meaningful_contact boolean; legacy contact absorbed","single activity/contact evidence + KPI","UI overlay + action helper chain candidate after T03; not applied","NO","DERIVED_SAFE","STAGING_JWT_E2E_PASS_20260906","LOCAL_CHAIN_DB_UI_PASS","crm.html:6009-6010; sql/pipeline-action-bundle/20260906/operational-overlay.candidate.js; docs/operational-cutover-20260906/staging-fixture-runs/stg-e2e-20260906t125239z-fc70f2d2/mutation-proof.json","Staging 회귀만 수행; Production cutover 전 UI 배포 리허설 유지"
"P09","Next Action","PC Deal 상세·split 기본 입력","Next 생성·현재 open 교체","next_action","intent=standalone,type,text,due_at,assignee","next_actions + Deal summary + private receipt/audit","8-op chained Dispatcher/UI candidate after T03; not applied","NO","DERIVED_SAFE","STAGING_JWT_E2E_PASS_20260906","LOCAL_CHAIN_DB_UI_PASS","crm.html:4681,6020; sql/pipeline-action-bundle/20260906; docs/operational-cutover-20260906/staging-fixture-runs/stg-e2e-20260906t125239z-fc70f2d2/mutation-proof.json","Staging 회귀만 수행; Production cutover 전 UI 배포 리허설 유지"
"P09M","Next Action","모바일 Today Deal 통화결과","진행됨·다음주 다시·못 받으심","next_action_complete/today_outcome; activity child absorbed; next_action child absorbed","server Action UUID,outcome; client child/time/count stripped","completed current Action + outcome Activity + replacement Next + Deal-level durable postpone count + Deal version/contact + audit/receipt","local cumulative candidate wraps public Dispatcher; current UI n8n; not applied","YES","DERIVED_SAFE","STAGING_JWT_E2E_PASS_20260906","LOCAL_CHAIN_DB_UI_PASS","mobile.html:1396-1416; sql/mobile-today-outcome/20260906; docs/operational-cutover-20260906/staging-fixture-runs/stg-e2e-20260906t125239z-fc70f2d2/mutation-proof.json","Staging 회귀만 수행; Production cutover 전 UI 배포 리허설 유지"
"P09X","Next Action","PC·모바일 Today","현재 open Action 연기","next_action/postpone","server action_id,due_at; client postpone_count/type/text stripped","same next_actions row due + private append-only postpone event + non-meaningful Activity + Deal version/audit/receipt","local candidate after M04; existing external op/ACK retained; not applied","NO","DERIVED_SAFE","STAGING_JWT_E2E_PASS_20260906","LOCAL_CHAIN_DB_UI_PASS","crm.html:3551; mobile.html:2380-2381; sql/next-action-postpone/20260906; docs/operational-cutover-20260906/staging-fixture-runs/stg-e2e-20260906t125239z-fc70f2d2/mutation-proof.json","Staging 회귀만 수행; Production cutover 전 UI 배포 리허설 유지"
"P10","Next Action","PC·모바일 Today/할 일","Next 완료","next_action_complete","server action_id; legacy text/due/time stripped","next_actions completion + Deal summary + Activity + private receipt/audit","10-op chained Dispatcher/UI candidate after operational source; not applied","NO","DERIVED_SAFE","STAGING_JWT_E2E_PASS_20260906","LOCAL_CHAIN_DB_UI_PASS","crm.html:3548; mobile.html:781,2379; sql/pipeline-next-complete/20260906; docs/operational-cutover-20260906/staging-fixture-runs/stg-e2e-20260906t125239z-fc70f2d2/mutation-proof.json","Staging 회귀만 수행; Production cutover 전 UI 배포 리허설 유지"
"P11","Next Action","PC Deal 상세","현재 행동 완료","next_action_complete","server action_id; missing legacy write added by overlay","same transaction as P10","same 10-op chained candidate; not applied","NO","DERIVED_SAFE","STAGING_JWT_E2E_PASS_20260906","LOCAL_CHAIN_DB_UI_PASS","crm.html:4683; sql/pipeline-next-complete/20260906; docs/operational-cutover-20260906/staging-fixture-runs/stg-e2e-20260906t125239z-fc70f2d2/mutation-proof.json","Staging 회귀만 수행; Production cutover 전 UI 배포 리허설 유지"
"P12","Pipeline","PC 빠른관리 일괄 모달","단계·세부·담당·장기검토·Next 일괄변경","","bulk selection and values","LOCAL deal patches","31-op cutover boundary; local-only bulk helper excluded","NO","CONFIRMED","OUT_OF_SCOPE_31_OP_BOUNDARY","LOCAL_ONLY","crm.html:5685-5712","개별 담당·단계·Next 경로는 검증 완료; 다건 일괄 저장은 이번 전환 범위 밖"
"P13","Pipeline","PC DCC 대기고객","기존 대기 Deal의 근거·재접촉 저장","waiting_context; next_action","reason,speaker,statement,wake,evidence,resume; client actor/time stripped","stage_contexts.waiting + wake + replacement Next + Activity + private receipt/audit","15-op chained Dispatcher/read/UI candidate after expected amount; not applied","NO","DERIVED_SAFE","STAGING_JWT_E2E_PASS_20260906","LOCAL_CHAIN_DB_UI_PASS","crm.html:7879-7880; sql/pipeline-waiting-context/20260906; docs/operational-cutover-20260906/staging-fixture-runs/stg-e2e-20260906t125239z-fc70f2d2/mutation-proof.json","Staging 회귀만 수행; Production cutover 전 UI 배포 리허설 유지"
"P14","Pipeline","PC·모바일 견적","견적 Version 추가","quote_version","amount,reason; client version/actor/time ignored","private append-only quote_versions + Deal version + receipt/audit","9-op chained Dispatcher/UI candidate after action layer; not applied","NO","DERIVED_SAFE","STAGING_JWT_E2E_PASS_20260906","LOCAL_CHAIN_DB_UI_PASS","crm.html:7558; mobile.html:2398; sql/20260905_sales_execution_engine.sql; sql/pipeline-quote-version/20260906; docs/operational-cutover-20260906/staging-fixture-runs/stg-e2e-20260906t125239z-fc70f2d2/mutation-proof.json","Staging 회귀만 수행; Production cutover 전 UI 배포 리허설 유지"
"P15","Pipeline","PC·모바일 실행 체크","수동 체크리스트 토글","stage_check","stage_code,item_index,checked; client item_text stripped","deals.stage_checklist + Deal version + private receipt/audit","11-op chained Dispatcher/read/UI candidate after next completion; not applied","NO","DERIVED_SAFE","STAGING_JWT_E2E_PASS_20260906","LOCAL_CHAIN_DB_UI_PASS","crm.html:7630; mobile.html:2460; sql/20260905_sales_execution_engine.sql; sql/pipeline-stage-check/20260906; docs/operational-cutover-20260906/staging-fixture-runs/stg-e2e-20260906t125239z-fc70f2d2/mutation-proof.json","Staging 회귀만 수행; Production cutover 전 UI 배포 리허설 유지"
"P16","Pipeline","수주 완료","확장관리 Pool 생성","expansion_pool_upsert","client child is absorbed; server derives source deal/site/work/won/completion/owner/next","private expansion pool + source Deal lineage + actor-scoped read","local close/won parent candidate; standalone child remains blocked; not applied","NO","DERIVED_SAFE","STAGING_JWT_E2E_PASS_20260906","LOCAL_CHAIN_DB_UI_PASS","stage-transition-ui.js terminal plan; mobile.html:1673; sql/pipeline-close-won/20260906; docs/operational-cutover-20260906/staging-fixture-runs/stg-e2e-20260906t125239z-fc70f2d2/mutation-proof.json","Staging 회귀만 수행; Production cutover 전 UI 배포 리허설 유지"
"A01","고객자산","PC·모바일 연락처 폼","연락처·관리사무소·수신동의 저장","contact_upsert","person/site/phones/email/role/consent/optout","contacts + assignments/history","current UI n8n; Staging write storage blocker read-only reconfirmed","YES","CONFIRMED","STAGING_JWT_E2E_PASS_20260906","STAGING_JWT_READBACK_PASS","crm.html:4577,7465; mobile.html:2299; sql/customer-asset-bundle/20260906/review.md; docs/operational-cutover-20260906/staging-customer-asset-write-preflight-20260906.json; docs/operational-cutover-20260906/staging-go-eight-jwt-results.json; docs/operational-cutover-20260906/staging-fixture-runs/stg-e2e-20260906t225700z-90c0ffee/cleanup-verification-current.json","Staging 회귀만 수행; Production cutover 전 UI 배포 리허설 유지"
"A02","고객자산","PC·모바일 관계도","의사결정 역할·관계 톤 저장","contact_relationship","opportunity,person,decision_role,tone","contact-opportunity relationship","current UI n8n; Staging relation/column absence read-only reconfirmed","YES","CONFIRMED","STAGING_JWT_E2E_PASS_20260906","STAGING_JWT_READBACK_PASS","crm.html:7553; mobile.html:2394; sql/customer-asset-bundle/20260906/review.md; docs/operational-cutover-20260906/staging-customer-asset-write-preflight-20260906.json; docs/operational-cutover-20260906/staging-go-eight-jwt-results.json; docs/operational-cutover-20260906/staging-fixture-runs/stg-e2e-20260906t225700z-90c0ffee/cleanup-verification-current.json","Staging 회귀만 수행; Production cutover 전 UI 배포 리허설 유지"
"A03","고객자산","PC 연락처","관리소장 근무지 이동","contact_move","person,from/to site,date,reason","contact assignments + movement history","current UI n8n; Staging destination ambiguity read-only reconfirmed","YES","CONFIRMED","STAGING_JWT_E2E_PASS_20260906","STAGING_JWT_READBACK_PASS","crm.html:4614-4619; sql/customer-asset-bundle/20260906/review.md; docs/operational-cutover-20260906/staging-customer-asset-write-preflight-20260906.json; docs/operational-cutover-20260906/staging-go-eight-jwt-results.json; docs/operational-cutover-20260906/staging-fixture-runs/stg-e2e-20260906t225700z-90c0ffee/cleanup-verification-current.json","Staging 회귀만 수행; Production cutover 전 UI 배포 리허설 유지"
"A04D","고객자산","Deal 고객자산·Timeline","Deal 직접연결 연락처·근무이력 조회","","deal/contact ids","crm_contacts_scoped_v2 Deal-scoped projection","guarded public read replacement local candidate; Staging canonical preflight pass; not applied","NO","DERIVED_SAFE","STAGING_JWT_E2E_PASS_20260906","STAGING_CANONICAL_PREFLIGHT_PASS","crm.html:siteMasterData; mobile.html:historySheetM; sql/customer-asset-bundle/20260906/staging-preflight.json; docs/operational-cutover-20260906/staging-function-canonical-compare.json; docs/operational-cutover-20260906/staging-fixture-runs/stg-e2e-20260906t125239z-fc70f2d2/mutation-proof.json","Staging 회귀만 수행; Production cutover 전 UI 배포 리허설 유지"
"A04S","고객자산","현장·고객자산·Timeline","Site 1:N 권한범위 timeline 조회","","site/deal/inquiry/contact ids","authorized child rows grouped by Site in Golden UI","real Staging actor-scoped deal/inquiry rows + A04D contact history","NO","CONFIRMED","STAGING_JWT_E2E_PASS_20260906","AUTHORIZED_CHILDREN_ONLY","crm.html:siteTimeline/openSiteMaster; docs/operational-cutover-20260906/go-read-audit-20260907.json","회귀만 수행; 접근 불가 자식을 Site 전체라는 이유로 추가 노출하지 않음"
"A05","고객자산","PC 데이터 정리","중복 preview·확인·apply","crm_cleanup_state/preview/apply","fingerprint + selected resolution","cleanup private state + canonical links","31-op cutover boundary; maintenance utility excluded","NO","CONFIRMED","OUT_OF_SCOPE_31_OP_BOUNDARY","NO","data-cleanup-ui.js:12,33-34; sql/operational-auxiliary/20260906/review.md; docs/operational-cutover-20260906/staging-auxiliary-entrypoints-20260906.json","일상 CRM 운영이 아닌 데이터 정리 도구로 별도 backlog 유지"
"X01","확장관리","PC 확장 Pool","상태·다음접촉일 갱신","expansion_pool_update","source,status,next; client last/relationship/need/created/time stripped","private expansion Pool version/event + Deal audit/receipt","local candidate after Closed Won; Pipeline conversion remains separate; not applied","NO","DERIVED_SAFE","STAGING_JWT_E2E_PASS_20260906","LOCAL_CHAIN_DB_UI_PASS","crm.html:4452-4454; expansion-pool.js; sql/expansion-pool-update/20260906; docs/operational-cutover-20260906/staging-fixture-runs/stg-e2e-20260906t125239z-fc70f2d2/mutation-proof.json","Staging 회귀만 수행; Production cutover 전 UI 배포 리허설 유지"
"X02","확장관리","PC 확장 Pool","접촉·니즈 기록/문맥 조회","crm_expansion_note/context","source,body/context","private expansion note event + Deal audit/receipt; actor-scoped event context; dispatches unavailable","local candidate after X01; quote dispatch evidence and conversion remain blocked; not applied","NO","DERIVED_SAFE","STAGING_JWT_E2E_PASS_20260906","LOCAL_CHAIN_DB_UI_PASS","expansion-pool.js:21,25; sql/expansion-note-context/20260906; docs/operational-cutover-20260906/staging-fixture-runs/stg-e2e-20260906t125239z-fc70f2d2/mutation-proof.json","Staging 회귀만 수행; Production cutover 전 UI 배포 리허설 유지"
"X03","확장관리","PC 견적 발송 확인","실제 견적 후 새 Opportunity 전환","expansion_quote_convert","source/site/work/owner/quote evidence","dispatch + child deal + lineage","31-op cutover boundary; provider-evidence conversion excluded","NO","CONFIRMED","OUT_OF_SCOPE_31_OP_BOUNDARY","NO","expansion-pool.js:40-52; sql/operational-auxiliary/20260906/review.md","확장 상태·접촉 기록은 검증 완료; provider 발송 증거 기반 자동 전환은 별도 외부연동 backlog"
"T01","첨부/메모","PC·모바일 파일 등록","prepare→signed PUT→complete","attachment_prepare; attachment_complete","deal,file metadata,size/type/tags; server path","private Storage + private attachment metadata + audit/receipt","25-op cumulative candidate; authenticated Storage signer/upload; not applied","NO","DERIVED_SAFE","STAGING_JWT_E2E_PASS_20260906","LOCAL_DB_ADAPTER_UI_PASS","crm.html:7592-7601; mobile.html:2416-2426; sql/attachment-compat/20260906; docs/operational-cutover-20260906/attachment-contracts.md; docs/operational-cutover-20260906/staging-fixture-runs/stg-e2e-20260906t125239z-fc70f2d2/mutation-proof.json","Staging 회귀만 수행; Production cutover 전 UI 배포 리허설 유지"
"T02","첨부/메모","PC·모바일 Gallery","ready 첨부 목록 표시","","deal id","ready-only safe metadata without object path/URL","25-op cumulative candidate deal_core projection; not applied","NO","DERIVED_SAFE","STAGING_JWT_E2E_PASS_20260906","LOCAL_DB_READ_UI_PASS","crm.html:execAttachPanel; mobile.html:openAttachmentGalleryM; sql/attachment-compat/20260906; docs/operational-cutover-20260906/staging-fixture-runs/stg-e2e-20260906t125239z-fc70f2d2/mutation-proof.json","Staging 회귀만 수행; Production cutover 전 UI 배포 리허설 유지"
"T03","개인화","PC·모바일 Deal 상세","즐겨찾기·최근 본/작업","favorite_set; opportunity_touch","opportunity,user_key,favorite/kind/time","private per-actor user opportunity state + receipts","single Dispatcher + scoped read apply-ready local bundle; Staging canonical preflight pass; not applied","NO","DERIVED_SAFE","STAGING_JWT_E2E_PASS_20260906","STAGING_CANONICAL_PREFLIGHT_PASS","crm.html:7604-7605; mobile.html:2431-2432; sql/personal-state-compat/20260906/staging-preflight.json; sql/personal-state-compat/20260906/staging-live-baseline.json; docs/operational-cutover-20260906/staging-fixture-runs/stg-e2e-20260906t125239z-fc70f2d2/mutation-proof.json","Staging 회귀만 수행; Production cutover 전 UI 배포 리허설 유지"
"M01O","메시징","PC·모바일 연락처","전화·SMS·카카오 앱 열기","","phone/body/deep-link","OS external app","tel:/sms:/kakao URI","NO","CONFIRMED","EXTERNAL_APP","N/A","crm.html:contactDial/openRelationshipMessage; mobile.html:callContactM/rmLaunchM; docs/operational-cutover-20260906/messaging-contracts.md","외부 앱 open을 통화·발송 성공으로 기록하지 않음"
"M01A","메시징","PC·모바일 연락처","전화 앱 열기 전 시도 Activity","activity","opportunity,type,note,occurred_at,meaningful_contact=false","activities + Deal activity timestamp","current UI n8n; pipeline action local chain candidate","YES","DERIVED_SAFE","STAGING_JWT_E2E_PASS_20260906","LOCAL_CHAIN_DB_UI_PASS","crm.html:contactDial/contactActivity; mobile.html:callContactM; sql/pipeline-action-bundle/20260906; docs/operational-cutover-20260906/messaging-contracts.md; docs/operational-cutover-20260906/staging-fixture-runs/stg-e2e-20260906t125239z-fc70f2d2/mutation-proof.json","Staging 회귀만 수행; Production cutover 전 UI 배포 리허설 유지"
"M02","메시징","PC·모바일 발송 확인","발송·실패·취소 결과 기록","message_log","Deal UUID/version, person key, channel/template/body/status, optional quote/ready attachment, optional next action; client actor/phone/site/stage/time stripped","private user-attested message outcome + sent non-meaningful Activity + optional replacement Next Action + audit/receipt","local cumulative DB/UI candidate after O02+C04; external app launch remains non-evidence; not applied","NO","DERIVED_SAFE","STAGING_JWT_E2E_PASS_20260906","LOCAL_CHAIN_DB_UI_PASS","crm.html:7968; mobile.html:2567-2578; sql/message-log-compat/20260906; docs/operational-cutover-20260906/messaging-contracts.md; docs/operational-cutover-20260906/staging-fixture-runs/stg-e2e-20260906t125239z-fc70f2d2/mutation-proof.json","Staging 회귀만 수행; Production cutover 전 UI 배포 리허설 유지"
"M03","메시징","PC·모바일 composer","문구 복사","","body","Clipboard","Clipboard API","NO","CONFIRMED","EXTERNAL_APP","N/A","crm.html:relationshipCopy; mobile.html:rmCopyM; docs/operational-cutover-20260906/messaging-contracts.md","sent로 기록하지 않음"
"M04","메시징","PC·모바일 composer","담당자 발송 알림 예약","next_action/message_reminder","scheduled/channel/template/draft","Next Action + private reminder + non-meaningful Activity + Deal audit/receipt","local candidate after X02; never provider auto-send; not applied","NO","DERIVED_SAFE","STAGING_JWT_E2E_PASS_20260906","LOCAL_CHAIN_DB_UI_PASS","crm.html:7517; mobile.html:2336; sql/message-reminder/20260906; docs/operational-cutover-20260906/staging-fixture-runs/stg-e2e-20260906t125239z-fc70f2d2/mutation-proof.json","Staging 회귀만 수행; Production cutover 전 UI 배포 리허설 유지"
"M05","메시징","PC·모바일 관계관리","접촉 보류·회신 cadence 초기화","relationship_hold; relationship_response","hold date/reason + absorbed Next; response kind + absorbed meaningful Activity; client actor stripped","private relationship event + Deal wake/version + targeted message response/linked Next cancellation + audit/receipt","named PC/mobile wrappers + private RLS event ledger + M02 outcome correlation + scoped read + rollback; local DB/UI 11 PASS","NO","DERIVED_SAFE","STAGING_JWT_E2E_PASS_20260906","LOCAL_CHAIN_DB_UI_PASS","crm.html:7675,7695; mobile.html:2502,2515; sql/relationship-cadence-compat/20260906; docs/operational-cutover-20260906/messaging-contracts.md; docs/operational-cutover-20260906/staging-fixture-runs/stg-e2e-20260906t125239z-fc70f2d2/mutation-proof.json","Staging 회귀만 수행; Production cutover 전 UI 배포 리허설 유지"
"M06","메시징","PC 문자발송 메뉴","다중 대상 즉시·예약 대기열","campaign_create","campaign/template/body/schedule/recipients","campaign queue + provider callbacks","approved retained n8n/provider boundary; outside Supabase 31-op cutover","YES","CONFIRMED","OUT_OF_SCOPE_31_OP_BOUNDARY","NO","crm.html:8045-8046; docs/operational-cutover-20260906/messaging-contracts.md; docs/operational-cutover-20260906/n8n-allowed-boundary.md","문자 provider는 승인된 n8n 유지 경계이며 본문·운영 endpoint를 이번 Staging 전환에서 변경하지 않음"
"O01","관리","PC 영업사원 관리","주간 코멘트·완료 상태","rep_manager_comment","rep,week,comment,status; client actor/time stripped","weekly mutable comment snapshot + append-only audit","current UI n8n; UUID team eligibility unavailable","YES","CONFIRMED","STAGING_JWT_E2E_PASS_20260906","STAGING_JWT_READBACK_PASS","crm.html:3827-3846; sql/20260905_sales_rep_management.sql; sql/customer-support-action/20260906/review.md; docs/operational-cutover-20260906/staging-go-eight-jwt-results.json; docs/operational-cutover-20260906/staging-fixture-runs/stg-e2e-20260906t225700z-90c0ffee/cleanup-verification-current.json","Staging 회귀만 수행; Production cutover 전 UI 배포 리허설 유지"
"O02","관리","PC 고객지원 카드","지원 요청 기록","customer_support_action","target UUID,client_ref,action key/label,reason,completion rule; client actor/time/status/rep/site stripped","private append-only requested support ledger + common receipt + admin-scoped read","local candidate after P09M; downstream Activity/Next remains independent; not applied","NO","DERIVED_SAFE","STAGING_JWT_E2E_PASS_20260906","LOCAL_CHAIN_DB_UI_PASS","crm.html:3848-3872; sql/20260905_customer_support_actions.sql; sql/customer-support-action/20260906; docs/operational-cutover-20260906/staging-fixture-runs/stg-e2e-20260906t125239z-fc70f2d2/mutation-proof.json","Staging 회귀만 수행; Production cutover 전 UI 배포 리허설 유지"
"O03","관리","PC 대시보드","연간 목표 변경","","year,goal","browser setting","Golden localStorage preference; no n8n dependency","YES","CONFIRMED","LOCAL_ONLY_CONFIRMED","LOCAL_ONLY","crm.html:setYearGoal; sql/operational-auxiliary/20260906/review.md; docs/operational-cutover-20260906/staging-dashboard-state-preflight-20260906.json","현행 Golden 브라우저 설정으로 유지; 서버 조직목표 신규 설계는 범위 밖"
"O04","관리","PC 관리자 Export","범위 제한 JSON export","crm_export_create","date range,columns,MFA context","private export job/audit","31-op cutover boundary; administrative export excluded","NO","CONFIRMED","OUT_OF_SCOPE_31_OP_BOUNDARY","NO","crm-export.js:16,38; sql/operational-auxiliary/20260906/review.md; docs/operational-cutover-20260906/staging-auxiliary-entrypoints-20260906.json","일상 CRM 핵심 경로가 아닌 관리자 Export로 별도 backlog 유지"
"O05","관리","모바일 설정·보고·채널 버튼","알림/휴가위임/채널발송/PDF/병합 요청","","UI values","memory/toast only","no transport","NO","NEEDS_VERIFICATION","REACHABLE_MOCK_BLOCKER","NO","mobile.html:2149-2230; sql/operational-auxiliary/20260906/review.md","각 버튼을 실제 구현하거나 UI에서 명확히 미지원으로 승인"
"O06","관리","PC 문의 일괄","잔디 쪼기","","selected inquiries","notice only","no transport","NO","NEEDS_VERIFICATION","REACHABLE_MOCK_BLOCKER","NO","crm.html:6355-6411; sql/operational-auxiliary/20260906/review.md","provider/channel·동의·수신자·receipt 규칙 확정 후 메시징 편입"
"O07S","조회/분석","PC Dashboard","권한 범위 Deal·문의 원천행 조회","","domain/cursor/limit","authorized deal/inquiry core rows","new authenticated domain-paged public source local chain candidate after T03; existing scoped read unchanged","NO","DERIVED_SAFE","STAGING_JWT_E2E_PASS_20260906","LOCAL_CHAIN_DB_UI_PASS","crm.html:towerBase/dashboardSnapshotDeals; sql/operational-read-source/20260906; docs/operational-cutover-20260906/staging-fixture-runs/stg-e2e-20260906t125239z-fc70f2d2/mutation-proof.json","Staging 회귀만 수행; Production cutover 전 UI 배포 리허설 유지"
"O07D","조회/분석","PC Dashboard","KPI·드릴다운","","period/brand/owner/stage","actor-scoped deal/inquiry rows → Golden role dashboard aggregates + admin Pipeline drilldown","real Staging Auth + crm_operational_source_v1 browser verified for six synthetic roles; not Production deployed","NO","CONFIRMED","STAGING_JWT_E2E_PASS_20260906","BROWSER_ROLE_DASHBOARD_AND_ADMIN_DRILLDOWN_PASS","crm.html:paintTower,paintTowerMoney,paintTowerMine,towerDrill; docs/operational-cutover-20260906/operational-dashboard-browser.json","Production 배포 전 동일 assembled UI 회귀만 필요"
"O07P","조회/분석","PC Performance","담당자 실적 점수·상세","","period/rep","actor-scoped performance inputs","real Staging source includes stage/action/inquiry lineage and Golden target preference","NO","CONFIRMED","STAGING_JWT_E2E_PASS_20260906","ACTOR_SCOPE_COMPLETE","crm.html:paintPerformance; docs/operational-cutover-20260906/go-read-audit-20260907.json","회귀만 수행; 목표는 기존 Golden 브라우저 설정을 유지"
"O07R","조회/분석","PC Executive Report","전월·전년·분기·담당자 보고","","period/brand/owner","authorized aggregates + source rows","real Staging source includes quote/won/period/owner fields; scope stays server-authorized","NO","CONFIRMED","STAGING_JWT_E2E_PASS_20260906","ACTOR_SCOPE_COMPLETE","crm.html:paintReportV2; docs/operational-cutover-20260906/go-read-audit-20260907.json","회귀만 수행; 화면의 전체는 현재 사용자 권한 범위 전체를 뜻함"
"O07G","조회/분석","PC 경남","지사 인계·응대·영업 KPI","","period/branch/owner","authorized branch inquiry/deal rows","real Staging inquiry assignee_permission_role + scoped Deal fields; Golden branch roster retained","NO","CONFIRMED","STAGING_JWT_E2E_PASS_20260906","ACTOR_SCOPE_COMPLETE","crm.html:paintGyeongnam; docs/operational-cutover-20260906/go-read-audit-20260907.json","read 회귀만 수행; branch_handoff/branch_owner_assign 쓰기는 별도 UUID gate 유지"
"O08M","조회/분석","모바일 내 건","담당 Deal 목록·상세 이동","","domain/cursor/limit","authorized owned/scoped deal core rows","new authenticated domain-paged public source local chain candidate after T03; existing scoped read unchanged","NO","DERIVED_SAFE","STAGING_JWT_E2E_PASS_20260906","LOCAL_CHAIN_DB_UI_PASS","mobile.html:rMine; sql/operational-read-source/20260906; docs/operational-cutover-20260906/staging-fixture-runs/stg-e2e-20260906t125239z-fc70f2d2/mutation-proof.json","Staging 회귀만 수행; Production cutover 전 UI 배포 리허설 유지"
"O08T","조회/분석","모바일 Today","권한 범위 목록·Deal Next 완료·문의 세 응대결과·문의 연기","next_action_complete; inquiry_assign/response_*; inquiry_followup","actor-scoped Deal/inquiry rows + server Next UUID + response/followup timestamps","deal/inquiry/next/response signals","operational source + next complete + three inquiry response intents + inquiry followup local chain candidate","NO","DERIVED_SAFE","STAGING_JWT_E2E_PASS_20260906","LOCAL_CHAIN_DB_UI_PASS","mobile.html:buildToday/rToday/todayCompleteM/pickToday/applyTodayPostponeM; sql/operational-read-source/20260906; sql/pipeline-next-complete/20260906; sql/inquiry-response-progress/20260906; sql/inquiry-followup/20260906; docs/operational-cutover-20260906/staging-fixture-runs/stg-e2e-20260906t125239z-fc70f2d2/mutation-proof.json","Staging 회귀만 수행; Production cutover 전 UI 배포 리허설 유지"
"O08C","조회/분석","모바일 관리","관리 목록·필터·상세 이동","","role/mode/filter","authorized management rows","six-role real Staging browser read PASS; no implicit global expansion","NO","CONFIRMED","STAGING_JWT_E2E_PASS_20260906","ACTOR_SCOPE_COMPLETE","mobile.html:rCtrl; docs/operational-cutover-20260906/operational-full-ui-browser-read.json; docs/operational-cutover-20260906/go-read-audit-20260907.json","회귀만 수행; 관리 목록도 서버가 허용한 범위만 표시"
"O08S","조회/분석","모바일 검색","내 권한 현장·담당·대표 연락처 검색","","query text","actor-scoped Deal core + directly linked primary contact","operational source local chain now maps persisted site/owner/amount/date/contact into Golden mobile shape; not applied","NO","DERIVED_SAFE","STAGING_JWT_E2E_PASS_20260906","LOCAL_CHAIN_DB_UI_PASS","mobile.html:rSearch/srchDo; sql/operational-read-source/20260906; docs/operational-cutover-20260906/staging-fixture-runs/stg-e2e-20260906t125239z-fc70f2d2/mutation-proof.json","Staging 회귀만 수행; Production cutover 전 UI 배포 리허설 유지"
"O08A","조회/분석","모바일 CRM에게 물어보기","Today·방문·고액·기술자문·미접촉·견적발송·과거근무지 조건검색","","natural-language query/filter","actor-scoped Deal + linked contacts + quote/activity/history projections","real Staging deal_core fields + A04D contact assignment history are present","NO","CONFIRMED","STAGING_JWT_E2E_PASS_20260906","ACTOR_SCOPE_COMPLETE","mobile.html:crmAskM/askResultHTMLM/crmMonthQuoteM; docs/operational-cutover-20260906/go-read-audit-20260907.json","회귀만 수행; 질문은 read-only 필터이며 권한 밖 결과를 확장하지 않음"
"O09","외부연동","PC·모바일 ASQ 카드","운영 프로젝트 열기","","https URL","external ASQ page","HTTPS external link","NO","CONFIRMED","EXTERNAL_APP","N/A","crm.html:asqOperationHTML; mobile.html:asqCardM","CRM에서는 read-only 유지"
