id,name,read,write,location,v2,status,gap,test
"F01","통합 진입점·PC/모바일 자동/수동 전환","URL view → 저장 선택 → UA/터치/폭","nf_view_pref / nf_view 쿠키; iframe URL","golden/index.html:89 autoView; golden/index.html:99 decide; golden/index.html:110 mount","기존 index 유지 + Staging endpoint guard 필요","TEST_MISSING","축약 staging 파일은 기존 iframe/토글/딥링크 대체물이 아님","PC/폰/태블릿·명시 view 우선·새로고침·debug/demo 전달"
"F02","로그인·승인대기·프로필","Supabase Auth + users 이메일 조회","Auth password sign-in / 승인거부 sign-out","golden/crm.html:2074 authAdmit; golden/crm.html:2098 authSignIn; golden/mobile.html:927 authAdmit; golden/mobile.html:943 doSignIn","crm_profile_scoped_v2 + original PC/mobile copy auth adapter","TEST_MISSING","원본 복제본 + 실제 JWT JSDOM 12/12. 실제 브라우저 로그인/승인거부/이름변경 회귀 미완료. 비밀번호 숫자 강제 변환 제거. PC overlay 파일2개 누락.","실제 6 JWT 로그인·inactive 거절·이름변경에도 UUID 동일; 기존 폼 회귀"
"F03","세션 복원·로그아웃·갱신","SB.auth.getSession/onAuthStateChange","SB.auth.signOut; 새로고침","golden/crm.html:2059 authInit; golden/crm.html:2119 authWatch; golden/crm.html:2126 authSignOut; golden/mobile.html:921 authRestore","Staging/ref/Auth UID/v1 isolated session and app storage","TEST_MISSING","JSDOM 실제 JWT 세션복원/로그아웃 및 로컬 계정교체 캐시/큐 제거 PASS. 실제 브라우저 refresh 만료/계정교체/다중탭은 미검증.","refresh 만료/로그아웃/두 계정 전환 뒤 타인 캐시·큐 0"
"F04","rep/admin/dual 모드·역할별 홈","ME.role / G.user.role; 화면 역할 선택","기기 모드 localStorage","golden/crm.html:3763 applyRoleHome; golden/crm.html:3767 setHomeRole; golden/mobile.html:1349 switchMode; golden/mobile.html:1325 rLocked","server source_role + permission_role + allowed_modes; mobile original mode controls","TEST_MISSING","6계정 실제 JWT 매핑 및 JSDOM 관리/내 영업 전환 PASS. dual 실제 계정 없음; PC 역할별 홈/브라우저 회귀 미완료. 모드는 서버 scope를 확대하지 않음.","dual 내 영업↔관리·consult/branch 허용 화면, 모드 전환으로 scope 확장 불가"
"F05","공통 조회·자동동기화·진단","n8n crm-api → B / DEALS / ADMIN; cache fallback","배경조회/캐시; 진단 복사","golden/crm.html:2731 loadData; golden/crm.html:2703 applyBundle; golden/mobile.html:1042 loadLive; golden/crm.html:2658 runDiag","Phase1.read(resource,args): complete/partial/unavailable envelope; target work_items reader","CONTRACT_MISSING","Phase1 공통 contract 준비. 전체 B bundle을 만들지 않음. 업무별 reader/전체필드/자동동기화/진단은 후속 Phase 대상이며 아직 unavailable.","동일 UUID PC→모바일 재조회·오류/빈 응답·변경 중 재조회·Legacy 호출0"
"F06","쓰기 큐·ACK·재시도·서버 UUID 채택","WRITE_Q / WQ / 임시 ID 맵","n8n crm-write POST {op,payload,write_id}; localStorage 재시도","golden/crm.html:2520 pushWrite; golden/crm.html:2529 flushWrites; golden/crm.html:2548 adoptServerId; golden/mobile.html:812 flushWrites","crm_write_command_v2(uuid,text,uuid,integer,jsonb) + private receipts + isolated queue","CONTRACT_MISSING","공종용 공통 ACK/멱등성/409 실제 Staging PASS. 기존 업무 handler는 expected_version 전달이 없어 fail-closed; 업무별 UI binding/신규 UUID 생성 계약은 미완료. 거짓 전체 Parity PASS 금지.","응답유실/오프라인/중복클릭/새로고침에도 중복 Deal0·거짓 저장완료0"
"F07","대시보드 기간·브랜드·담당자·드릴다운","B.deals/inquiries; 기간·snapshot·권한 범위별 client 계산","필터/선택은 로컬 UI","golden/crm.html:2809 paintPeriod; golden/crm.html:2865 dashboardDealScope; golden/crm.html:2946 towerDrill; golden/crm.html:3543 paintTowerStageBrand","crm_dashboard_scoped_v2 초안 보류","CONTRACT_MISSING","단순 생성일 SUM은 기존 시점/브랜드·기술문의 제외·snapshot 의미와 다름","같은 합성 fixture를 기존 계산식과 v2에 넣어 모든 필터/클릭 숫자 일치"
"F08","금액 정본·예상매출·가중 Pipeline","quote_amount/won_amount/opportunity amount + STAGE_MASTER.prob","조회 전용","golden/crm.html:2396 quoteAmt; golden/crm.html:2397 wonAmt; golden/crm.html:2398 oppAmt; golden/crm.html:2903 paintTowerMoney; golden/crm.html:3945 paintForecast","금액 분리 reader/집계 계약 없음","CONTRACT_MISSING","단일 amount로 합치면 예상/견적/수주와 missing coverage 손실","미입력은0으로 단정하지 않음; 금액단위·확률·수주일 기준 비교"
"F09","대시보드 유입·전환 Funnel·병목","B.inquiries/deals + origin/전환 link/단계","조회·드릴다운","golden/crm.html:3029 paintSalesPipe; golden/crm.html:3418 paintTowerFunnel; golden/crm.html:3141 paintTowerNeck2; golden/crm.html:3125 paintTowerOrigin","Funnel scoped aggregate 없음","CONTRACT_MISSING","회사 전체 vs 허용 범위, 문의/Deal 중복계수·유입 원천 보존 필요","유입/배정/응대/전환/수주 건수와 원본 드릴다운 일치"
"F10","연간 목표·전년비·기간 추이","기간별 수주/배정; yearGoal 설정","localStorage 연간 목표","golden/crm.html:3153 yearGoal; golden/crm.html:3154 setYearGoal; golden/crm.html:3176 paintExecYoY; golden/crm.html:3109 paintTowerTrend","목표 저장·시계열 scoped API 없음","CONTRACT_MISSING","목표 수정 범위/공유 여부·전년비 빈 이력 표시 보존","연도/분기·연간 목표 변경·이력 없는 기간 처리"
"F11","담당자 배정→응대→경쟁→수주 흐름","담당자 Master + inquiries + stage events","필터/상세 이동","golden/crm.html:3645 repFlowData; golden/crm.html:3661 openRepFlowDrawer; golden/crm.html:3585 paintTowerReps","담당자 flow aggregate 없음","CONTRACT_MISSING","실제 Stage 이력 없으면 수집중, 경남 내부평가 제외 유지","본사6명·기간 경계·경쟁 진입·부족이력 미확정 표시"
"F12","견적문의 Control Center 탭/카드/필터","B.inquiries + trash/기술자문 분리 + LOCAL patches","탭/보기/선택/검색","golden/crm.html:7407 inqCtlPartition; golden/crm.html:7457 inqCtlRows; golden/crm.html:7483 inqCtlConsole; golden/crm.html:7464 inqCtlCounts","crm_inquiries_scoped_v2 초안 보류","CONTRACT_MISSING","활성/휴지통/기술자문/미배정/SLA/체크박스 전체 계약 부족","각 탭·건수·선택행·필터 조합·기술문의와 휴지통 활성집계 제외"
"F13","본사6명 단일·일괄 배정/재배정","sales_people inquiry_assignable + 업무부하","inquiry_assign (crm-write)","golden/crm.html:7498 inqCtlOpenAssign; golden/crm.html:7496 inqCtlRepStats; golden/crm.html:7504 inqCtlConfirmAssign","crm_assign/assignment_targets 초안 보류","CONTRACT_MISSING","6명 UUID Master·단일/일괄·부하점수·확인창을 보존해야 함; 현재 초안 target4명만","6명 목록/경남 제외·부하식·다건 실패·원 담당 이력"
"F14","문의 미배정 회수·보류·사유","문의 상태/배정/이력","inquiry_unassign / inquiry_status","golden/crm.html:7505 inqCtlOpenReason; golden/crm.html:7506 inqCtlConfirmReason","목적별 v2 회수/보류 RPC 없음","CONTRACT_MISSING","단순 status UPDATE로 배정/보류 이력 전체 의미 대체 불가","회수 뒤 담당NULL·미배정카드, 보류사유 필수·활성통계"
"F15","최초응대·후속응대·통화결과","문의 담당/응대시각/활동","activity / inquiry_assign / inquiry_status","golden/crm.html:6312 splitSaveLog; golden/crm.html:6210 splitSaveStatus; golden/mobile.html:1950 recordInquiryResponse","crm_inquiry_response/status 초안 보류","CONTRACT_MISSING","응대결과·최초시각 보존·상담자와 영업자 분리·실제 기존 status 목록 필요","두번 응대 최초시각 불변·PC모바일 동일·권한 분리"
"F16","문의 Next/기한/완료/연기","문의 nextAction + assigned owner","next_action / next_action_complete / inquiry_followup","golden/crm.html:6199 splitSaveNext; golden/crm.html:6576 splitDoneAction; golden/mobile.html:2379 applyTodayPostponeM","crm_next_add/complete 초안; 연기 미구현","CONTRACT_MISSING","문의 followup·연기사유/횟수·채널·일정 유형 보존 부족","문의/Deal ID 분리·완료와 단순열기 구분·연기후 날짜/이력"
"F17","문의→Pipeline 전환·금액·중복방지","origin_inquiry_id/client_ref/기존 연결 Deal","opportunity_create + inquiry_status/lineage_link","golden/crm.html:6447 promoteToPipeline; golden/crm.html:6255 autoPromote; golden/crm.html:2548 adoptServerId","원자적 inquiry-convert v2 없음","CONTRACT_MISSING","원문·상담담당·브랜드·공종·UUID 영업담당·전환시점/중복방지 필요","견적단계전환·원문의 보존·재시도 Deal1개·PC모바일 동일 링크"
"F18","문의 휴지통·활성 제외","deleted_at/reason/by/purge_at/연결보호","inquiry_trash","golden/crm.html:7507 inqCtlOpenTrash; golden/crm.html:7508 inqCtlConfirmTrash; golden/crm.html:7512 inqCtlTrash","v2 trash 없음","CONTRACT_MISSING","soft-delete 의미·30일 대상 표시·연결문의 보호 보존","집계제외/원문보존/사유/actor 서버확정"
"F19","문의 복원","휴지통 원본","inquiry_restore","golden/crm.html:7509 inqCtlRestore","v2 restore 없음","CONTRACT_MISSING","복원후 담당·상태·전환 관계 보존","복원후 활성·이력·범위 일치"
"F20","문의 영구삭제·보호","관리자·archive_protected·Deal link","inquiry_purge","golden/crm.html:7510 inqCtlHardDelete","v2 purge 없음; 기존 보안계획 MFA 필요","CONTRACT_MISSING","기능은 삭제하지 않되 admin+AAL2 승인/보호계약 필요; 이번엔 실행금지","합성 연결문의 삭제거부·AAL1거부·감사; 운영 삭제금지"
"F21","문의 중복 확인/연결/별도유지","문의 후보/duplicate relation","inquiry_duplicate 또는 inquiry_trash","golden/crm.html:7515 inqCtlOpenDuplicate; golden/crm.html:7516 inqCtlResolveDuplicate","v2 duplicate 없음","CONTRACT_MISSING","자동 병합 금지·원문 보존·같은 현장 다른기회 유지","link/keep/trash 각각·잘못된 ID·동시변경 거절"
"F22","경남지사 인계 Pool","본사 문의/sales_people team/reporting_group","inquiry_assign → 경남지사 미지정","golden/crm.html:7499 inqCtlOpenBranchHandoffConfirm; golden/crm.html:7500 inqCtlConfirmBranchHandoff","지사인계 v2 없음","CONTRACT_MISSING","현 v2 branch는 명시 ID scope뿐; 미지정 Pool과 routing authority 없음","본사6명 배정창과 분리·인계후 지사 미지정·상담이력 보존"
"F23","경남 실담당자 지정/미지정 복귀","branch Master 조민준/김훈/미지정","inquiry_assign / 담당 변경","golden/crm.html:5274 gnOpenOwner; golden/crm.html:5275 gnConfirmOwner; golden/crm.html:5276 gnSetOwnerPool","지사 owner assignment v2 없음","CONTRACT_MISSING","표시 이름은 보존, UUID·team 기반 지정 권한/Pool 필요","두 지사 담당 UUID만·본사정보차단·미지정 복귀"
"F24","경남 Funnel/인계표/위험/6개월추이","branch_code/team/reporting_group + inquiries/deals","필터/행 drilldown","golden/crm.html:5254 gnData; golden/crm.html:5264 gnTrend; golden/crm.html:5265 paintGyeongnam","branch scoped dashboard 없음","CONTRACT_MISSING","단일 generic 대시보드는 지사 UI/관리계약 대체 못함","인계→실배정→응대→Deal→경쟁→수주, 본사KPI 제외·회사실적 외부분리"
"F25","기술자문 문의 제외·기존자료 검토","brand 기술자문 구별; legacy_review_status","inquiry_reclassify","golden/crm.html:2316 operationalInquiries; golden/crm.html:7475 inqTechReview; golden/crm.html:7477 inqTechReclassify","v2 재분류/기술문의 scoped reader 없음","CONTRACT_MISSING","새 dashboard 초안에 기술문의 제외 규칙 없음","활성KPI 제외·전용탭에 원문유지·재분류 뒤 집계"
"F26","기술자문 Deal 생성/사업유형 전환","Deal service/brand/advisory/origin lineage","opportunity_create / service_change / inquiry_status","golden/crm.html:7478 inqTechPromote; golden/crm.html:6808 confirmBizChange; golden/crm.html:6919 advisoryPanel; golden/mobile.html:1772 commitBiz","v2 business-type/technical-convert 없음","CONTRACT_MISSING","기술자문은 Pipeline 사업유형; 상담브랜드로 임의전환 금지","기존유입보존·자문상세/금액·한번전환·타 사업 변경이력"
"F27","Pipeline Kanban/목록/분할/표/정렬","B.deals + Stage/amount/owner/risk/Next","필터/보기/선택 UI","golden/crm.html:4638 paintPipe; golden/crm.html:5600 paintKanban; golden/crm.html:5865 paintSplit; golden/crm.html:5393 paintStageListV2","crm_read_scoped_v2 부분 / deals reader 초안","CONTRACT_MISSING","기존 모든 보기·stage column·정렬·기간/브랜드·관리카드 필드 부족","모든 보기 동일 ID집합/금액·상세유지·역할별 비노출"
"F28","Pipeline 전체 Stage·Journey","STAGE_MASTER/PIPE_NO/PIPE_PROGRESS","transition / close / win","golden/crm.html:2231 nextStageCandidates; golden/crm.html:4664 stageJourneyHTML; golden/crm.html:4690 journeyStageClick; golden/mobile.html:716 nextOptions","crm_deal_stage_scoped_v2 초안 보류","CONTRACT_MISSING","Golden은 expansion Stage 존재; local은 제거+Pool. 둘을 자동합치지 말고 결정이력 필요","전 Stage 후보/순서/확률/SLA/종료분류 Golden과 비교"
"F29","단계별 입력·금액 Gate·복합변경","한 일/결과/담당/근거/Next/금액","transition + activity + next_action 또는 close/win","golden/crm.html:4479 confirmTransition; golden/crm.html:4444 transitionTargetChanged; golden/mobile.html:1619 commitMoveWithReason; golden/mobile.html:1700 commitMove","원자적 structured-transition RPC 없음","CONTRACT_MISSING","새 초안은 stage+reason만; 필수 입력·정본 history·연관변경 누락","sent 금액/수주금액 Gate·종료이전stage·권한/409·전체 transaction"
"F30","수주/실주/배드핏/연락두절·사유","outcome/closed_at/lost_kind/기존stage/won_amount","close / win","golden/crm.html:4463 reasonOptionsFor; golden/crm.html:3914 paintClosed; golden/mobile.html:1648 commitClose","terminal v2 계약 없음","CONTRACT_MISSING","뺏김/놓침/기타·견적/영업 배드핏·Closed 통계 보존","종료 전 단계 기록·Next 종료정책·매출/분류·원본보존"
"F31","예상/견적/수주 금액 수정","oppAmt/quoteAmt/wonAmt","amount","golden/crm.html:4388 saveBasics; golden/mobile.html:1666 amtOk","crm_deal_amount_scoped_v2 초안 보류","CONTRACT_MISSING","하나의 amount UPDATE로 세 금액 의미/원·만원 단위 유지 못함","공란/0/억/원·만원·반올림·필수금액·감사+동시수정"
"F32","Deal 담당자 변경·일괄 재배정","owner/담당자Master/이력/권한","assign + handover","golden/crm.html:4979 saveAssigneeChange; golden/crm.html:4635 applyBulkV2; golden/mobile.html:2399 pickReassign","crm_assign_scoped_v2 초안 보류","CONTRACT_MISSING","역할/team eligibility·다건·인수인계와 별도할당권한 필요","UUID이관·원담당비노출·동일site 타기회불변·관리scope"
"F33","공종 구조화 편집·복합·기타","primaryWork/workItems/workScopeType/workSummary","opportunity_work_set","golden/crm.html:2365 workItemsOf; golden/crm.html:6847 saveWorkEdit; golden/mobile.html:1556 saveWorkSheetM","crm_work_set_scoped_v2(uuid,text,jsonb,text,integer,text)","V2_IMPLEMENTED_NOT_UI_CONNECTED","기존 work editor와 미연결; actor 없는 새5인자 초안 미적용. 기존 multi/primary/기타 정본 보존","단일/복합/기타/대표필수·기존미분류 보존·version conflict"
"F34","신규 영업기회·유입·사업유형/공종","사이트/연락처/사업유형/공종/담당자","opportunity_create","golden/crm.html:6852 openNewDeal; golden/crm.html:6873 saveNewDeal; golden/mobile.html:2112 addProspect","create v2 없음","CONTRACT_MISSING","Site1:N·임시ID→서버UUID·origin/문의link·중복안내 부족","동일 Site의 다른공사·연도 새Deal·이중submit·기존Deal 불변"
"F35","Deal Next 등록·기한·담당","nextActionObj/type/text/due/owner","next_action","golden/crm.html:4406 saveNextAction; golden/mobile.html:778 setNextAction; golden/mobile.html:1599 nextSheet","crm_next_add_scoped_v2 초안 보류","CONTRACT_MISSING","현재 초안4유형만; 기존 상세유형/담당/추천/기간과 다름","기존유형 전수·빈기한·타담당·UTC/KST 경계·기존 예약 유지"
"F36","Next 완료·연기·반복연기 위험","action ID/status/due/postpone history","next_action_complete / next_action","golden/crm.html:4409 completeNextAction; golden/crm.html:3393 todoDelay; golden/crm.html:2432 bumpPostpone; golden/mobile.html:2377 todayCompleteM; golden/mobile.html:2378 todayPostponeM","complete 초안; postpone 없음","CONTRACT_MISSING","반복연기 횟수·근거·완료activity·다음추천 유지","완료후재조회·두번완료·연기사유/날짜/관리카드·lost응답"
"F37","활동·음성근거·실접촉/시스템갱신 구별","activities/timeline + meaningful contact","activity / relationship_response","golden/crm.html:4401 addDetailActivity; golden/crm.html:7212 logActivity; golden/crm.html:6756 reasonRec; golden/mobile.html:1798 voiceMemo; golden/mobile.html:1510 saveCallMemoM","crm_activity_add_scoped_v2 초안 보류","CONTRACT_MISSING","새private business_events만 쓰면 기존 activities 소비자가 못 읽음; 실제접촉 판정/음성 source 부족","전화시도≠양방향접촉·음성미지원fallback·내용/결과/actor서버확정"
"F38","활동/단계/배정 통합 Timeline","activity/stage/assignment/inquiry lineage 이력","조회·필터/더보기","golden/crm.html:4763 unifiedTimeline; golden/crm.html:4822 activityTimeline; golden/crm.html:4260 stageHistoryHTML; golden/mobile.html:1518 historySheetM","history scoped reader 없음","CONTRACT_MISSING","최근30행 generic feed로 전체 Timeline 대체 불가","종류별필터·시간정렬·서버재접속·타Opportunity 이력차단"
"F39","Deal Command Center·고객문제/다음행동","waiting_reason/recontact/입대의일정·최근접촉·이슈","waiting_context + activity/next_action","golden/crm.html:7607 dccDecorateDetail; golden/crm.html:7545 dccRecommendations; golden/crm.html:7554 dccAction; golden/crm.html:7568 dccSaveWaitingContext","v2 command-center projection/context 없음","CONTRACT_MISSING","핵심상세 탭/카드·입력·위험해소 근거 보존","무활동/Next없음/기한초과 카드→기존동작·저장후실제해소만"
"F40","연락처 Opportunity별 조회","contacts/contact_assignments/person history","조회 전용","golden/crm.html:4274 siteContacts; golden/crm.html:4275 contactDirectoryHTML; golden/mobile.html:1477 siteContactsM","crm_contacts_scoped_v2(uuid) 부분 구현","CONTRACT_MISSING","RPC는 Deal 단일contact만 반환; 여러 연락처/직함/동의/history 필드는 추가 필요; 범위 내 부분 구현","같은 Site 다른기회 연락처 혼입0·다중연락처 목록/대표·권한"
"F41","연락처 등록/수정·관리자 이동","contacts/people/contact_assignment","contact_upsert / contact / contact_move","golden/crm.html:4321 saveQuickContact; golden/crm.html:4301 saveContactInfo; golden/crm.html:4341 saveManagerMove; golden/mobile.html:1508 saveContactM","contact-write v2 없음","CONTRACT_MISSING","직함/대표번호/개인휴대폰·재직기간·이동이력·동의 범위 보존","이름같음 자동병합금지·이동시 양쪽현장/history·UUID+권한"
"F42","전화·번호복사·카카오 외부앱","선택 연락처/mobile/officeTel","tel/sms/kakao URI / clipboard; CRM activity는 별도","golden/crm.html:4331 contactDial; golden/crm.html:4935 briefCall; golden/crm.html:7219 contactKakao; golden/mobile.html:1504 callContactM","scoped contacts + 기존 UI bridge","CONTRACT_MISSING","외부앱열기와 발송/통화성공 분리·선택연락처 유지","빈번호차단·호출 URI·앱복귀결과확인·단순열기로 성공기록0"
"F43","관계관리 문구추천·개별 문자/카카오","stage/contact/work/Next/lastMeaningful/lastOutbound","외부 앱 / clipboard + message_log","golden/crm.html:7164 relationshipTemplates; golden/crm.html:7200 openRelationshipMessage; golden/mobile.html:2331 messageSheetM","messaging scoped read/write 없음","CONTRACT_MISSING","추천2~3개/내용편집/초안·실제발송확인·후속Next 유지","단계/계절/견적템플릿·개별Deal맥락·copy≠sent"
"F44","수신동의/거부·시간대·빈도·피로도","consent/optout/messageLogs/personKey+phone/recent30","contact_upsert + consent SQL; message_log","golden/crm.html:7184 relationshipGuard; golden/crm.html:7342 relV8Stats; golden/mobile.html:2323 rmGuardM","서버 consent/dispatch guard 없음","CONTRACT_MISSING","클라이언트검사만 복제불가; 기존 안전규칙 동일하게 서버확정","동의없음/거부/시간외/3무응답/30일3회/optout번호없음 차단"
"F45","메시지 로그·실발송 확인·성과","message_logs/response/stage_advanced","message_log / relationship_response / message_stage_advanced","golden/crm.html:7213 relationshipConfirm; golden/crm.html:7366 relV8MetricsHTML; golden/mobile.html:2336 rmConfirmM","v2 message audit 계약 없음","CONTRACT_MISSING","발송→응답→Next→Stage연결·실패/보류/자유작성등급·actorUUID 필요","로그/활동/후속Next 일관성·실패시sent금지·반복확인 멱등"
"F46","관계온도·잠든고객·접촉보류","meaningful/outbound/attempts/hold/wake/score","relationship_hold + next_action","golden/crm.html:7348 relV8Insight; golden/crm.html:7365 relV8Hold; golden/mobile.html:2369 reactivationM","relationship scoped aggregate/mutation 없음","CONTRACT_MISSING","HOT/WARM/COOL/DORMANT·NextBestAction·holduntil 동일 계산","회신으로 무응답리셋·장기보류 제외·실주후재활성·실접촉주기"
"F47","단계 체크리스트 자동/수동","stage + contacts/work/quote/Next/attachments/activities","stage_check","golden/crm.html:7317 execGuideAuto; golden/crm.html:7320 toggleExecGuide; golden/mobile.html:2455 stageGuideAutoM; golden/mobile.html:2458 toggleStageGuideM","checklist v2 없음","CONTRACT_MISSING","자동항목 직접체크금지·필수미완료는경고·stage별정본 보존","전stage자동조건·수동toggle·기존항목index·두기기동기화"
"F48","고객 관계도·의사결정 역할","여러 연락처 decision_role/relationship_status","contact_relationship","golden/crm.html:7244 execRelationPanel; golden/mobile.html:2391 relationshipEditSheetM; golden/mobile.html:2392 saveRelationshipM","relationship-map v2 없음","CONTRACT_MISSING","contact 한명 축약금지·Deal/Contact 조합 권한 필요","의사결정자/영향자/관계상태·동일사람다른현장 분리"
"F49","견적 Version·조정사유·계약비교","quote_versions/current_quote/won_amount","quote_version","golden/crm.html:7246 execQuotePanel; golden/crm.html:7248 saveExecQuoteVersion; golden/mobile.html:2396 saveQuoteVersionM","quote-version v2 없음","CONTRACT_MISSING","V1/V2/V3 append-only·발송시각·최종계약차액 보존","동시추가versionunique·과거불변·빈사유·권한·PC모바일"
"F50","담당자 인수인계 요약/이력","현재stage/금액/핵심고객/최근활동/Next","assign + handover","golden/crm.html:7249 execHandoverSummary; golden/crm.html:7250 execHandoverPanel; golden/mobile.html:2399 pickReassign","assignment 초안에 handover 원자성 없음","CONTRACT_MISSING","자동요약·이전/이후 담당·사유·조회권한 이관 필요","재배정1번=인계기록1개·기존증거보존·실패시둘다rollback"
"F51","첨부자료 준비/업로드/완료/실패","attachment metadata / selected files","attachment_prepare → signed upload PUT → attachment_complete","golden/crm.html:7290 uploadExecAttachment; golden/crm.html:7291 saveExecAttachments; golden/mobile.html:2423 uploadAttachmentM","v2 Storage 계약 없음; 이번 단계 미실행","CONTRACT_MISSING","20MB/분류/태그·privatebucket·사전권한/완료검증·부분실패필요","타ID/path변조거절·파일존재·실패정리·메타데이터만브라우저"
"F52","사진 Gallery·파일다운로드","attachments/signed download URL","signed URL 발급 후 다운로드","golden/crm.html:7280 execAttachPanel; golden/crm.html:7281 toggleExecAttachmentGallery; golden/mobile.html:2425 openAttachmentGalleryM","v2 metadata/download authorization 없음","CONTRACT_MISSING","gallery/원본/메모/태그·만료갱신·scope 필요; 공개URL 금지","다른기회 파일0·만료URL재발급·20MB/사진표시·PC모바일"
"F53","즐겨찾기·최근 본/작업 현장","user_opportunity_states + favorite/last_viewed/worked","favorite_set / opportunity_touch","golden/crm.html:7294 execTouch; golden/crm.html:7295 toggleExecFavorite; golden/mobile.html:2431 quickSitesHTMLM","AuthUID 기반 user-state v2 없음","CONTRACT_MISSING","client user_key 신뢰제거하면서 빠른현장 기능 유지","임의 user_key 거절·계정격리·PC모바일공유·타site혼입0"
"F54","CRM에게 물어보기·조건검색","loaded deals/contact/activity/Next에 조건검색","조회 전용","golden/crm.html:7326 execAskQuery; golden/crm.html:7328 runExecAsk; golden/mobile.html:2464 crmAskM; golden/mobile.html:1921 rSearch","scoped search/필수 read fields 없음","CONTRACT_MISSING","자연어조건/20행·7행표시/검색조건 설명 유지·전체번들fallback 금지","오늘전화/1억Next없음/이번주방문/미접촉/연락처누락/기술자문"
"F55","고객 자산 Site1:N·관계 Timeline","Site + linked deals/inquiries/contacts/history","상세 이동; 신규기회 생성은 별도","golden/crm.html:4169 siteMasterData; golden/crm.html:4176 siteTimeline; golden/crm.html:4182 openSiteMaster","Site projection v2 없음","CONTRACT_MISSING","같은아파트 다른공사/연도/사업별Opportunity·미허용자식 제외","Site한개에A/B기회·허용기회만·수주/공종장부/연락처이동"
"F56","중복현장 비교·연결 검토","B.dups / orgs/deals","기존 UI 비교·제안/lineage_link 경로 별도검증","golden/crm.html:4189 renderDups; golden/mobile.html:2228 rDups; golden/mobile.html:2132 dupSheet","v2 duplicate-site reader/resolution 없음","CONTRACT_MISSING","Golden의 병합전상태와 로컬 데이터정리센터는 별개 구현","원본ID/이력/매출유지·같은site다른deal 자동병합0"
"F57","공종 분석·대표공종/조합 drilldown","workItems/primaryWork + 금액/사업유형/기간","필터/정렬/행 이동","golden/crm.html:4139 workAnalysisData; golden/crm.html:4149 paintWorkAnalysis; golden/crm.html:4147 workAnalysisDrill","work analytics v2 없음","CONTRACT_MISSING","복합공종 합계 중복계수/대표 기준·미분류 항목 유지","대표합계·복합조합·필터/금액/드릴다운원본 일치"
"F58","담당자 실적/KPI/목표/근거","본사 담당 Master+deal/inquiry/activities/stagehistory","조회/필터/근거Drawer","golden/crm.html:5125 performanceStats; golden/crm.html:5138 perfKpiGroups; golden/crm.html:5162 showPerfEvidence; golden/mobile.html:2267 rPerf","KPI scoped contract 없음","CONTRACT_MISSING","정본분모/목표/가중/수집중·branch제외·상담≠영업을 그대로","동일fixture로점수/수주/미래/위험/누락일치·partial전체표시금지"
"F59","관리카드·SLA·무활동·Next없음","실제활동일/시스템갱신일/기한/필수항목","드릴다운·별도 활동/Next/상태 Action","golden/crm.html:5075 managementStats; golden/crm.html:5061 issueSet; golden/crm.html:5095 paintMgmt; golden/mobile.html:2021 rHyg","management projection v2 없음","CONTRACT_MISSING","활동을 추가했다는 이유만으로이슈자동해결 금지·수주임박카드 유지","미응대/3시간/90일/단계SLA/금액누락/무활동/Next 0 각각"
"F60","대표보고·기간실적·의사결정","실적/미래가능성/리스크/외부채널+기간","조회/필터/원본 drilldown","golden/crm.html:5312 paintReportV2; golden/crm.html:5284 reportPeriodDeals; golden/crm.html:5220 briefDecisionRows; golden/mobile.html:2272 rRpt","executive report v2 없음","CONTRACT_MISSING","경남은회사전체포함/담당자외부분리·미확정숫자표시 필요","금액시점/수주수/고위험/대표결정 카드와원본일치"
"F61","주간/월간 브리핑·잔디연동 표기","주간 stage history/지난주진행/이번주Next","UI 조회; README/화면 자동잔디 표기, 서버워크플로 미확보","golden/crm.html:5233 paintBriefV2; golden/crm.html:4120 paintBriefMonth; golden/mobile.html:2210 rBrief; golden/mobile.html:2220 rMonthly","brief aggregate + 외부자동화계약 없음","CONTRACT_MISSING","UI 자동생성 문구만으로 실제스케줄/발송 구현 확정 불가","월요일경계·이력부족·담당필터; 외부발송은별도스테이징승인"
"F62","모바일 오늘 그룹·우선순위","myDeals/myInquiries→new/overdue/visit/today 우선순위","조회·상세로 이동","golden/mobile.html:2348 buildToday; golden/mobile.html:2375 rToday; golden/mobile.html:2367 execTaskRowM","crm_today_scoped_v2 초안 보류","CONTRACT_MISSING","초안tasks due bucket만; 신규배정/이번주방문/Next없음/정체규칙 누락","new/overdue/visit/today 각 fixture·정렬60한도·문의Deal 분리"
"F63","모바일 오늘 전화/완료/연기","오늘row→정확한Inquiry/Deal","tel + activity/next_action_complete/inquiry_followup","golden/mobile.html:1405 startTodayCall; golden/mobile.html:1406 resumeTodayCall; golden/mobile.html:2377 todayCompleteM; golden/mobile.html:2379 applyTodayPostponeM","업무원자 RPC+기존 Sheet 미연결","CONTRACT_MISSING","앱복귀 통화결과·완료라벨·연기일수·맞는 parent version 유지","통화취소/복귀/번호없음·문의응대vsDeal완료·연기다음날"
"F64","모바일 방문동선·위치없음 처리","실제 lat/lng + 거리10km","지도/상세 이동; 조회전용","golden/mobile.html:2365 nearbyForM; golden/mobile.html:2366 nearbyHTMLM; golden/crm.html:3244 nearbySites","scoped coordinates read 없음","CONTRACT_MISSING","좌표없을때가짜거리 금지·유효좌표 권한범위 유지","좌표없음/0/10km경계·타담당현장 미노출"
"F65","모바일 내 건·관리·Stage·종료·실적","DEALS/ADMIN + role/mode/state filters","상세·배정·전환 Action","golden/mobile.html:1427 rMine; golden/mobile.html:1829 rCtrl; golden/mobile.html:1851 rPipe; golden/mobile.html:2166 rClosed; golden/mobile.html:1812 rMy","기존 mobile 어댑터 없음","CONTRACT_MISSING","축약 mobile.html은 기존하단탭/Sheet/관리 drilldown과 다름","rep/admin/dual·전체탭·분류·뒤로가기·같은ID 상세"
"F66","모바일 신규영업·검색·알림·설정","로컬 G/공지/검색/담당 Master","opportunity_create·설정·로그아웃","golden/mobile.html:2085 rProspect; golden/mobile.html:1921 rSearch; golden/mobile.html:2139 rNoti; golden/mobile.html:2154 rSet","v2 신규/알림/설정계약 미완성","CONTRACT_MISSING","보이는버튼과 demo/placeholder 기능 구별필요; 숨겨서완료금지","모든탭·신규저장·중복안내·명함/음성미지원·권한"
"F67","전체 JSON/전환목록/모바일 JSON Export","B/LOCAL/WRITE_Q 또는 mobile state","Blob 다운로드","golden/crm.html:2490 buildFullExport; golden/crm.html:2497 exportFullDataJSON; golden/crm.html:6500 exportPromotions; golden/mobile.html:1211 exportJSON","전체 export admin+MFA audit 서버계약 미완료","CONTRACT_MISSING","보안요건상 기존 무제한다운로드를 그대로 복제할수없음; 기능삭제 대신 범위/권한변경 명시승인 필요","일반계정거절·admin AAL1거절·audit/컬럼범위/횟수; 이번발급금지"
"F68","실적/설정의 저장값·진단/데모 경계","UI state/cache/demo flags","localStorage/session/UI settings","golden/crm.html:2658 runDiag; golden/mobile.html:2154 rSet; golden/index.html:145 paintToggle","정확한 기존key 이관·격리설계 필요","TEST_MISSING","디자인/데모 화면은 실제업무 PASS에서 분리; existingcache/queue 노출금지","?demo/preview/debug와실계정 구분·강제prodURL거절·계정별namespace"
"L01","로컬 공통 crm-read.js v1 직접조회","crm_read_bundle/_crmRead.version1 actorId scope","조회 전용; n8nwrite 유지","local/crm-read.js:19 read; local/crm.html:2886 loadData","기존4 v2와 계약 불일치","CONTRACT_MISSING","Golden에는 파일없음; public v1candidate와 실제v2필드adapter 필요","v1검증기를v2완료로오인금지·두화면 동일소스·failclosed"
"L02","로컬 오늘 홈 Action-first","미배정/지연/Next/관리개입/재접촉 data","기존상세/메시지 Action","local/crm.html:3909 paintTodayHome","today-home scoped projection 없음","CONTRACT_MISSING","Golden 기본dash와 로컬home 차이; 요청UX동결목록에 별도보존","우선순위행→정확한상세·문제해결후카드·role별"
"L03","로컬 영업사원 관리 People Control Tower","본사6명 flow/부하/stage/댓글","rep_manager_comment","local/crm.html:3844 paintRepManagement; local/crm.html:3831 repManagerSaveComment","rep-management v2 없음","CONTRACT_MISSING","Golden에는관리센터미포함; 주차약속/코멘트점수제외 보존","주차저장·진행+신규×2+연체×3+(오늘+미응대)×2·branch제외"
"L04","로컬 고객관리 지원/관리자 개입","고객관계/미응대/보류/지원요청","customer_support_action","local/crm.html:3836 repManagerInterventions; local/crm.html:3866 repSupportRecord","support-action v2 없음","CONTRACT_MISSING","요청과 실제완료의 근거를분리·위임후실행정본 필요","요청만으로완료0·실제통화/Next/입대의일정으로완료"
"L05","로컬 Campaign/고객 실행센터 대상선택","Stage/접촉/사업유형/공종/담당/지역/온도/contact/log","다중선택·개인화 preview","local/crm.html:8010 campaignAllTargets; local/crm.html:8009 campaignGuard; local/crm.html:8011 campaignFilteredTargets","campaign audience scoped contract 없음","CONTRACT_MISSING","Golden엔개별메시징만; 연락처중복정규화/동의/범위필요","같은번호다른Opportunity중복발송0·+82/수신거부/30일빈도"
"L06","로컬 Campaign 예약/발송/결과/분석","campaigns/message logs/template","campaign_create → provider callback crm_campaign_delivery (SQL선언)","local/crm.html:8045 campaignQueue; local/crm.html:8048 campaignHistoryPage; local/crm.html:8050 campaignAnalysisPage","Edge/provider + v2 campaign API 없음","CONTRACT_MISSING","실제provider/n8n구현미확보·browser sent위조금지","queued/scheduled→실제callback후sent·중복receipt·실패·범위"
"L07","로컬 개별 Contextual Composer/견적참조","Deal+선택Contact+quoteVersion+attachments","message_log context/참조","local/crm.html:7958 contextualHeaderHTML","v2 context message contract 없음","CONTRACT_MISSING","개별Drawer/모바일Sheet 유지·대량메뉴로이동금지","현재Deal 유지·견적Version/파일참조·후속Next·실제확인"
"L08","로컬 확장관리 Pool/상태/재접촉","expansion_pool/source ClosedWon/completion","expansion_pool_upsert/update / crm_expansion_note","local/crm.html:4446 expansionRecords; local/crm.html:4449 expansionSave; local/expansion-pool.js:9 render","expansion scoped contract 없음","CONTRACT_MISSING","Golden expansion Stage와상충; 로컬Pool제거금지·준공근거/30일추천보존","과거Deal재오픈0·완료원본유지·상태이력/니즈·원담당"
"L09","로컬 견적실발송→새 Opportunity 원자전환","expansion_quote_dispatches/currentPool/신규견적","expansion_quote_convert (동적 호출) / crm_expansion_finish SQL","local/expansion-flow.js:9 request; local/expansion-pool.js:40 convert","실발송검증+원자convert v2 없음","CONTRACT_MISSING","로컬README도서버분기없다고명시; 일반opportunity_create로대체금지","provider신규견적증거·idempotency expansion:source·child sent/origin·기존Deal불변"
"L10","로컬 데이터정리/중복센터 Preview/Apply","crm_cleanup_state/preview + local candidates","crm_cleanup_apply (동적 RPC transport)","local/data-cleanup-ui.js:13 render; local/data-cleanup.js:10 classify","v2 cleanup 승인/범위계약 미확인","CONTRACT_MISSING","Golden dup와달리Site정본연결/문의활동병합/사람이동; 로컬SQL만","fingerprint stale 거절·모든원본/매출/첨부/견적보존·재시도멱등"
"L11","로컬 아파트스퀘어 운영상태 연결","asq_projects by site/opportunity/asq_project_id","외부동기화 crm_asq_project_sync (SQL); 브라우저read-only","local/crm.html:7885 asqProjectFor; local/crm.html:7890 asqOperationHTML","ASQ scoped reader/서버sync 없음","CONTRACT_MISSING","CRM/ASQ정본경계·연결없으면대기·운영수정API를브라우저에주지않음","잘못된link거절·동일site타사업비노출·읽기전용·https URL"
"L12","로컬 구조화 Stage 전환/UI","stage definitions/form/action plan","기존 transition/close/next Action or structured SQL candidate","local/stage-transition.js:28 validate; local/stage-transition-ui.js:42 open","기존v2에는동일structured contract 없음","CONTRACT_MISSING","필수입력/금액/기간/종료/Next의전체plan 보존·소형stageRPC로대체금지","stage별필수값·모달UX/현재값·원자저장/충돌"
"L13","로컬 담당자 eligibility/상담자 분리","sales_people/users role/team + consultant vs salesowner","inquiry_consultant / inquiry_assign / assign","local/people-eligibility.js:13 eligible; local/owner-choice.js:5 mount; local/crm.html:7812 inqCtlRecordAssignment","UUID permission + eligibility 승인계약 없음","CONTRACT_MISSING","표시이름을UUID권한으로대체하되 담당자분류/선택 UX 유지","상담담당≠영업담당·본사6/지사/관리/비활성·승인만료"
"L14","로컬 공용 Next Picker 8분류","공용분류→기존세부type/추천","기존 next_action 세부유형 저장","local/next-action-picker.js:12 html","새Next 초안4type은동등아님","CONTRACT_MISSING","전화/메시지/이메일자료/방문미팅/견적준비/후속/입찰계약/기타 유지","2차유형·기존사진메모예약불변·추천은클릭후만저장"
"L15","로컬 금액쉼표/단위·파서","data-money 입력값","기존 amount/quote/create payload 숫자","local/money-input.js:5 parse","UI helper 보존 + 모든 금액계약 미연결","TEST_MISSING","원/만원/붙여넣기·빈값·거짓0 금지; Golden과별도localoverlay","모든금액폼/IME/붙여넣기·단위·validation·PC모바일"
"L16","로컬 메시지 호칭/실제직함","site/name/role 실제 표시값","템플릿생성; 기존이력 불변","local/message-salutation.js:13 address","UI helper 보존 + messaging adapter 미연결","TEST_MISSING","직함없으면관계자님·관리소장추정금지·중복님금지","개별/시즌/캠페인·누락현장/직함·기존문구불변"
"L17","로컬 이슈 모달·ACK 강화","현재이슈·서버operation/ID ACK","기존 write ACK validation","local/issue-modal.js:35 open; local/write-ack.js:5 validate","v2 목적별 ACK와기존모달연결 미완성","CONTRACT_MISSING","일반HTTP200/ok true로복합업무완료 오인금지","operation/원본ID/새UUID/상태 exactACK·누락/실패·취소"