file,line,owner,operation
"golden/crm.html","3370","todoLog","activity"
"golden/crm.html","3390","todoDone","next_action_complete"
"golden/crm.html","3401","todoDelay","next_action"
"golden/crm.html","3997","assignTo","inquiry_assign"
"golden/crm.html","4304","saveContactInfo","contact_upsert"
"golden/crm.html","4327","saveQuickContact","contact_upsert"
"golden/crm.html","4330","contactActivity","activity"
"golden/crm.html","4346","saveManagerMove","contact_move"
"golden/crm.html","4397","saveBasics","amount"
"golden/crm.html","4402","addDetailActivity","activity"
"golden/crm.html","4407","saveNextAction","next_action"
"golden/crm.html","4501","confirmTransition","close"
"golden/crm.html","4504","confirmTransition","transition"
"golden/crm.html","4505","confirmTransition","next_action"
"golden/crm.html","4946","briefCall","activity"
"golden/crm.html","4980","saveAssigneeChange","assign"
"golden/crm.html","5717","spSaveAct","activity"
"golden/crm.html","5718","spSaveAct","contact"
"golden/crm.html","5728","spSaveNext","next_action"
"golden/crm.html","5763","spSaveStage","close"
"golden/crm.html","5766","spSaveStage","transition"
"golden/crm.html","5767","spSaveStage","next_action"
"golden/crm.html","5977","linkConfirm","lineage_link"
"golden/crm.html","6267","autoPromote","transition"
"golden/crm.html","6283","autoPromote","opportunity_create"
"golden/crm.html","6464","promoteToPipeline","transition"
"golden/crm.html","6472","promoteToPipeline","opportunity_create"
"golden/crm.html","6822","confirmBizChange","service_change"
"golden/crm.html","6850","saveWorkEdit","opportunity_work_set"
"golden/crm.html","6903","saveNewDeal","opportunity_create"
"golden/crm.html","7155","consentBadges","contact_upsert"
"golden/crm.html","7159","consentBadges","contact_upsert"
"golden/crm.html","7207","relationshipSchedule","activity"
"golden/crm.html","7207","relationshipSchedule","next_action"
"golden/crm.html","7215","relationshipConfirm","message_log"
"golden/crm.html","7215","relationshipConfirm","activity"
"golden/crm.html","7215","relationshipConfirm","next_action"
"golden/crm.html","7234","toggleExecGuide","stage_check"
"golden/crm.html","7243","execRelationBadges","contact_relationship"
"golden/crm.html","7248","saveExecQuoteVersion","quote_version"
"golden/crm.html","7252","execHandoverPanel","handover"
"golden/crm.html","7290","uploadExecAttachment","attachment_prepare"
"golden/crm.html","7290","uploadExecAttachment","attachment_complete"
"golden/crm.html","7291","saveExecAttachments","activity"
"golden/crm.html","7294","execTouch","opportunity_touch"
"golden/crm.html","7295","toggleExecFavorite","favorite_set"
"golden/crm.html","7320","toggleExecGuide","stage_check"
"golden/crm.html","7365","relV8Hold","relationship_hold"
"golden/crm.html","7365","relV8Hold","next_action"
"golden/crm.html","7382","relV8PurposeChanged","message_log"
"golden/crm.html","7382","relV8PurposeChanged","activity"
"golden/crm.html","7382","relV8PurposeChanged","next_action"
"golden/crm.html","7385","relV8PurposeChanged","relationship_response"
"golden/crm.html","7387","relV8PurposeChanged","message_stage_advanced"
"golden/crm.html","7477","inqTechReclassify","inquiry_reclassify"
"golden/crm.html","7478","inqTechPromote","opportunity_create"
"golden/crm.html","7478","inqTechPromote","inquiry_status"
"golden/crm.html","7503","inqCtlRecordAssignment","inquiry_assign"
"golden/crm.html","7506","inqCtlConfirmReason","inquiry_unassign"
"golden/crm.html","7506","inqCtlConfirmReason","inquiry_status"
"golden/crm.html","7508","inqCtlConfirmTrash","inquiry_trash"
"golden/crm.html","7509","inqCtlRestore","inquiry_restore"
"golden/crm.html","7510","inqCtlHardDelete","inquiry_purge"
"golden/crm.html","7516","inqCtlResolveDuplicate","inquiry_duplicate"
"golden/crm.html","7516","inqCtlResolveDuplicate","inquiry_duplicate"
"golden/crm.html","7568","dccSaveWaitingContext","waiting_context"
"golden/crm.html","7568","dccSaveWaitingContext","next_action"
"golden/crm.html","7613","dccDecorateDetail","waiting_context"
"golden/mobile.html","775","addActivity","activity"
"golden/mobile.html","782","setNextAction","next_action"
"golden/mobile.html","786","completeNextAction","next_action_complete"
"golden/mobile.html","1413","pickToday","inquiry_assign"
"golden/mobile.html","1501","saveContactM","contact_upsert"
"golden/mobile.html","1508","saveContactM","contact_upsert"
"golden/mobile.html","1517","saveManagerMoveM","contact_move"
"golden/mobile.html","1557","saveWorkSheetM","opportunity_work_set"
"golden/mobile.html","1654","commitClose","close"
"golden/mobile.html","1673","amtOk","win"
"golden/mobile.html","1684","spawnExpansion","opportunity_create"
"golden/mobile.html","1708","commitMove","transition"
"golden/mobile.html","1782","commitBiz","service_change"
"golden/mobile.html","1950","recordInquiryResponse","inquiry_assign"
"golden/mobile.html","1960","pickAssign","inquiry_assign"
"golden/mobile.html","2065","pickReassign","assign"
"golden/mobile.html","2129","addProspect","opportunity_create"
"golden/mobile.html","2297","rmBadgesM","contact_upsert"
"golden/mobile.html","2334","rmScheduleM","next_action"
"golden/mobile.html","2336","rmConfirmM","message_log"
"golden/mobile.html","2379","applyTodayPostponeM","next_action"
"golden/mobile.html","2379","applyTodayPostponeM","inquiry_followup"
"golden/mobile.html","2385","toggleStageGuideM","stage_check"
"golden/mobile.html","2392","saveRelationshipM","contact_relationship"
"golden/mobile.html","2396","saveQuoteVersionM","quote_version"
"golden/mobile.html","2399","pickReassign","assign"
"golden/mobile.html","2399","pickReassign","handover"
"golden/mobile.html","2423","uploadAttachmentM","attachment_prepare"
"golden/mobile.html","2423","uploadAttachmentM","attachment_complete"
"golden/mobile.html","2429","execTrackM","opportunity_touch"
"golden/mobile.html","2430","toggleFavoriteM","favorite_set"
"golden/mobile.html","2458","toggleStageGuideM","stage_check"
"golden/mobile.html","2500","relHoldM","relationship_hold"
"golden/mobile.html","2511","relPurposeChangedM","message_log"
"golden/mobile.html","2513","relPurposeChangedM","relationship_response"
"golden/mobile.html","2515","relPurposeChangedM","message_stage_advanced"
"local/crm-export.js","16","request","crm_export_create"
"local/crm.html","3526","todoLog","activity"
"local/crm.html","3546","todoDone","next_action_complete"
"local/crm.html","3557","todoDelay","next_action"
"local/crm.html","3831","repManagerSaveComment","rep_manager_comment"
"local/crm.html","3832","repManagerToggleComment","rep_manager_comment"
"local/crm.html","3866","repSupportRecord","customer_support_action"
"local/crm.html","4254","assignTo","inquiry_assign"
"local/crm.html","4447","ensureExpansionRecord","expansion_pool_upsert"
"local/crm.html","4449","expansionSave","expansion_pool_update"
"local/crm.html","4574","saveContactInfo","contact_upsert"
"local/crm.html","4597","saveQuickContact","contact_upsert"
"local/crm.html","4600","contactActivity","activity"
"local/crm.html","4616","saveManagerMove","contact_move"
"local/crm.html","4668","saveBasics","amount"
"local/crm.html","4673","addDetailActivity","activity"
"local/crm.html","4678","saveNextAction","next_action"
"local/crm.html","4775","confirmTransition","close"
"local/crm.html","4778","confirmTransition","transition"
"local/crm.html","4780","confirmTransition","next_action"
"local/crm.html","5227","briefCall","activity"
"local/crm.html","5261","saveAssigneeChange","assign"
"local/crm.html","6006","spSaveAct","activity"
"local/crm.html","6007","spSaveAct","contact"
"local/crm.html","6017","spSaveNext","next_action"
"local/crm.html","6054","spSaveStage","close"
"local/crm.html","6057","spSaveStage","transition"
"local/crm.html","6058","spSaveStage","next_action"
"local/crm.html","6269","linkConfirm","lineage_link"
"local/crm.html","6560","autoPromote","transition"
"local/crm.html","6576","autoPromote","opportunity_create"
"local/crm.html","6759","promoteToPipeline","transition"
"local/crm.html","6767","promoteToPipeline","opportunity_create"
"local/crm.html","7117","confirmBizChange","service_change"
"local/crm.html","7145","saveWorkEdit","opportunity_work_set"
"local/crm.html","7204","saveNewDeal","opportunity_create"
"local/crm.html","7464","consentBadges","contact_upsert"
"local/crm.html","7468","consentBadges","contact_upsert"
"local/crm.html","7516","relationshipSchedule","activity"
"local/crm.html","7516","relationshipSchedule","next_action"
"local/crm.html","7524","relationshipConfirm","message_log"
"local/crm.html","7524","relationshipConfirm","activity"
"local/crm.html","7524","relationshipConfirm","next_action"
"local/crm.html","7543","toggleExecGuide","stage_check"
"local/crm.html","7552","execRelationBadges","contact_relationship"
"local/crm.html","7557","saveExecQuoteVersion","quote_version"
"local/crm.html","7561","execHandoverPanel","handover"
"local/crm.html","7599","uploadExecAttachment","attachment_prepare"
"local/crm.html","7599","uploadExecAttachment","attachment_complete"
"local/crm.html","7600","saveExecAttachments","activity"
"local/crm.html","7603","execTouch","opportunity_touch"
"local/crm.html","7604","toggleExecFavorite","favorite_set"
"local/crm.html","7629","toggleExecGuide","stage_check"
"local/crm.html","7674","relV8Hold","relationship_hold"
"local/crm.html","7674","relV8Hold","next_action"
"local/crm.html","7691","relV8PurposeChanged","message_log"
"local/crm.html","7691","relV8PurposeChanged","activity"
"local/crm.html","7691","relV8PurposeChanged","next_action"
"local/crm.html","7694","relV8PurposeChanged","relationship_response"
"local/crm.html","7696","relV8PurposeChanged","message_stage_advanced"
"local/crm.html","7786","inqTechReclassify","inquiry_reclassify"
"local/crm.html","7787","inqTechPromote","opportunity_create"
"local/crm.html","7787","inqTechPromote","inquiry_status"
"local/crm.html","7812","inqCtlRecordAssignment","inquiry_assign"
"local/crm.html","7815","inqCtlConfirmReason","inquiry_unassign"
"local/crm.html","7815","inqCtlConfirmReason","inquiry_status"
"local/crm.html","7817","inqCtlConfirmTrash","inquiry_trash"
"local/crm.html","7818","inqCtlRestore","inquiry_restore"
"local/crm.html","7819","inqCtlHardDelete","inquiry_purge"
"local/crm.html","7823","inqCtlSetConsultant","inquiry_consultant"
"local/crm.html","7827","inqCtlResolveDuplicate","inquiry_duplicate"
"local/crm.html","7827","inqCtlResolveDuplicate","inquiry_duplicate"
"local/crm.html","7879","dccSaveWaitingContext","waiting_context"
"local/crm.html","7879","dccSaveWaitingContext","next_action"
"local/crm.html","7943","dccDecorateDetail","waiting_context"
"local/crm.html","7967","openContextualMaterial","message_log"
"local/crm.html","7967","openContextualMaterial","activity"
"local/crm.html","7967","openContextualMaterial","next_action"
"local/crm.html","8045","campaignQueue","campaign_create"
"local/data-cleanup-ui.js","12","refresh","crm_cleanup_state"
"local/data-cleanup-ui.js","33","preview","crm_cleanup_preview"
"local/data-cleanup-ui.js","34","save","crm_cleanup_apply"
"local/expansion-pool.js","21","note","crm_expansion_note"
"local/expansion-pool.js","25","refresh","crm_expansion_context"
"local/issue-modal.js","65","save","amount"
"local/issue-modal.js","66","save","next_action_complete"
"local/issue-modal.js","66","save","activity"
"local/issue-modal.js","67","save","next_action"
"local/mobile.html","770","addActivity","activity"
"local/mobile.html","777","setNextAction","next_action"
"local/mobile.html","781","completeNextAction","next_action_complete"
"local/mobile.html","1411","pickToday","inquiry_assign"
"local/mobile.html","1499","saveContactM","contact_upsert"
"local/mobile.html","1506","saveContactM","contact_upsert"
"local/mobile.html","1515","saveManagerMoveM","contact_move"
"local/mobile.html","1555","saveWorkSheetM","opportunity_work_set"
"local/mobile.html","1653","commitClose","close"
"local/mobile.html","1672","amtOk","win"
"local/mobile.html","1673","amtOk","expansion_pool_upsert"
"local/mobile.html","1701","commitMove","transition"
"local/mobile.html","1775","commitBiz","service_change"
"local/mobile.html","1943","recordInquiryResponse","inquiry_assign"
"local/mobile.html","1954","pickAssign","inquiry_assign"
"local/mobile.html","2059","pickReassign","assign"
"local/mobile.html","2124","addProspect","opportunity_create"
"local/mobile.html","2299","rmBadgesM","contact_upsert"
"local/mobile.html","2336","rmScheduleM","next_action"
"local/mobile.html","2338","rmConfirmM","message_log"
"local/mobile.html","2381","applyTodayPostponeM","next_action"
"local/mobile.html","2381","applyTodayPostponeM","inquiry_followup"
"local/mobile.html","2387","toggleStageGuideM","stage_check"
"local/mobile.html","2394","saveRelationshipM","contact_relationship"
"local/mobile.html","2398","saveQuoteVersionM","quote_version"
"local/mobile.html","2401","pickReassign","assign"
"local/mobile.html","2401","pickReassign","handover"
"local/mobile.html","2425","uploadAttachmentM","attachment_prepare"
"local/mobile.html","2425","uploadAttachmentM","attachment_complete"
"local/mobile.html","2431","execTrackM","opportunity_touch"
"local/mobile.html","2432","toggleFavoriteM","favorite_set"
"local/mobile.html","2460","toggleStageGuideM","stage_check"
"local/mobile.html","2502","relHoldM","relationship_hold"
"local/mobile.html","2513","relPurposeChangedM","message_log"
"local/mobile.html","2515","relPurposeChangedM","relationship_response"
"local/mobile.html","2517","relPurposeChangedM","message_stage_advanced"
"local/mobile.html","2571","openContextualMaterialM","message_log"
"local/stage-transition-ui.js","73","save","activity"
"local/stage-transition-ui.js","74","save","next_action"
"local/stage-transition-ui.js","77","save","expansion_pool_upsert"